{"stats":{"minecraft:used":{"minecraft:wheat_seeds":49,"minecraft:water_bucket":1,"minecraft:stone_shovel":137,"minecraft:stone_pickaxe":75,"minecraft:baked_potato":1,"minecraft:ladder":25,"minecraft:chest":2,"minecraft:shield":2,"minecraft:cooked_salmon":3,"minecraft:sugar_cane":4,"minecraft:wooden_shovel":56,"woodcutter:woodcutter":1,"minecraft:torch":8,"minecraft:brewing_stand":1,"minecraft:dirt":28,"biomesoplenty:goldenrod":1,"minecraft:crafting_table":4,"minecraft:iron_hoe":136,"minecraft:wooden_hoe":59,"minecraft:iron_axe":243,"minecraft:map":1,"quark:crimson_chest":1,"minecraft:stone_axe":124,"minecraft:magma_block":1,"minecraft:cobblestone":1,"minecraft:oak_sapling":59,"minecraft:cooked_porkchop":4,"minecraft:bucket":1,"quark:oak_chest":2,"minecraft:dandelion":1,"minecraft:potato":36,"minecraft:bone_meal":1,"minecraft:dark_prismarine_stairs":6,"minecraft:splash_potion":1},"minecraft:mined":{"minecraft:oak_sapling":18,"minecraft:podzol":1,"minecraft:dark_prismarine_stairs":16,"minecraft:dark_prismarine":10,"minecraft:red_carpet":2,"minecraft:brown_mushroom":2,"quark:oak_chest":5,"minecraft:brown_carpet":9,"minecraft:dandelion":10,"minecraft:brewing_stand":1,"minecraft:clay":40,"minecraft:crafting_table":1,"minecraft:ladder":49,"minecraft:grass_block":91,"minecraft:polished_andesite_stairs":2,"minecraft:chest":2,"minecraft:tall_grass":18,"minecraft:sugar_cane":7,"minecraft:oxeye_daisy":14,"minecraft:diorite":1,"biomesoplenty:goldenrod":12,"minecraft:hay_block":5,"minecraft:magma_block":1,"minecraft:wheat":4,"minecraft:iron_ore":10,"minecraft:spruce_log":5,"minecraft:grass_path":3,"minecraft:grass":537,"minecraft:bookshelf":4,"minecraft:potatoes":1,"minecraft:oak_log":44,"minecraft:coal_ore":29,"minecraft:iron_bars":2,"minecraft:gravel":79,"minecraft:sand":1,"minecraft:dirt":4,"biomesoplenty:barley":7,"quark:crimson_chest":1,"minecraft:stone":1,"minecraft:netherrack":2,"minecraft:oak_leaves":253},"minecraft:custom":{"minecraft:interact_with_furnace":18,"minecraft:mob_kills":8,"minecraft:interact_with_crafting_table":10,"minecraft:play_one_minute":78672,"minecraft:leave_game":1,"minecraft:time_since_death":78672,"minecraft:sleep_in_bed":6,"minecraft:climb_one_cm":16769,"minecraft:time_since_rest":1619,"minecraft:waystone_activated":2,"minecraft:sprint_one_cm":341411,"minecraft:damage_taken":210,"minecraft:walk_one_cm":332852,"minecraft:damage_blocked_by_shield":80,"minecraft:damage_dealt":761,"minecraft:swim_one_cm":14884,"minecraft:talked_to_villager":6,"minecraft:fly_one_cm":119362,"minecraft:open_chest":48,"minecraft:crouch_one_cm":1654,"minecraft:sneak_time":2712,"minecraft:walk_under_water_one_cm":8123,"minecraft:jump":715,"minecraft:interact_with_brewingstand":1,"minecraft:walk_on_water_one_cm":13283,"minecraft:fall_one_cm":12095},"minecraft:crafted":{"minecraft:oak_planks":24,"woodcutter:woodcutter":1,"minecraft:wooden_shovel":1,"minecraft:stone_shovel":1,"minecraft:cooked_porkchop":4,"minecraft:crafting_table":3,"minecraft:baked_potato":1,"minecraft:cooked_salmon":3,"minecraft:bucket":1,"minecraft:stone_axe":1,"minecraft:air":0,"minecraft:wooden_hoe":1,"minecraft:shield":1,"minecraft:iron_axe":1,"minecraft:iron_hoe":1,"minecraft:stick":12,"minecraft:iron_ingot":10,"minecraft:iron_pickaxe":2,"minecraft:stone_pickaxe":1,"minecraft:torch":8},"minecraft:killed":{"minecraft:pig":3,"minecraft:salmon":3,"minecraft:skeleton":1,"minecraft:zombie":1},"minecraft:broken":{"minecraft:stone_axe":1,"minecraft:wooden_hoe":1,"minecraft:stone_shovel":1},"minecraft:picked_up":{"quark:crimson_chest":1,"minecraft:magma_block":1,"minecraft:crafting_table":1,"minecraft:wheat":6,"minecraft:feather":2,"minecraft:golden_carrot":7,"minecraft:ladder":46,"minecraft:clay_ball":160,"minecraft:salmon":3,"minecraft:golden_pickaxe":2,"biomesoplenty:goldenrod":9,"minecraft:brown_mushroom":2,"minecraft:golden_shovel":2,"minecraft:potato":26,"minecraft:enchanted_book":1,"minecraft:flint":7,"minecraft:oak_log":43,"minecraft:brewing_stand":1,"minecraft:dirt":99,"minecraft:bone":2,"minecraft:red_carpet":2,"minecraft:apple":33,"minecraft:wheat_seeds":86,"minecraft:gold_nugget":3,"minecraft:dark_prismarine_stairs":16,"quark:tallow":8,"minecraft:iron_ore":10,"minecraft:player_head":1,"minecraft:sugar_cane":16,"minecraft:chest":2,"minecraft:egg":5,"minecraft:book":12,"minecraft:golden_helmet":1,"minecraft:polished_andesite_stairs":2,"minecraft:stick":24,"minecraft:dandelion":8,"minecraft:fire_charge":1,"minecraft:gravel":72,"minecraft:porkchop":4,"minecraft:sand":1,"minecraft:golden_axe":1,"minecraft:diorite":1,"minecraft:spruce_log":5,"quark:oak_chest":5,"minecraft:dark_prismarine":10,"minecraft:brown_carpet":9,"minecraft:arrow":1,"minecraft:rotten_flesh":1,"ars_nouveau:worn_notebook":1,"minecraft:hay_block":5,"minecraft:bone_meal":1,"minecraft:bread":10,"minecraft:netherrack":2,"minecraft:oak_sapling":69,"minecraft:iron_bars":2,"minecraft:coal":29,"minecraft:cobblestone":1,"minecraft:oxeye_daisy":14}},"DataVersion":2584}