{"stats":{"minecraft:killed_by":{"minecraft:enderman":2,"alexsmobs:crocodile":5,"minecraft:zombie":1},"minecraft:custom":{"minecraft:mob_kills":50,"minecraft:interact_with_crafting_table":1,"minecraft:open_barrel":19,"minecraft:leave_game":4,"minecraft:time_since_death":58522,"minecraft:climb_one_cm":47945,"minecraft:sprint_one_cm":501690,"minecraft:walk_one_cm":783826,"minecraft:talked_to_villager":3,"minecraft:deaths":8,"minecraft:sneak_time":6378,"minecraft:walk_under_water_one_cm":191872,"minecraft:jump":1401,"minecraft:walk_on_water_one_cm":79719,"minecraft:interact_with_furnace":25,"minecraft:play_one_minute":237931,"minecraft:sleep_in_bed":3,"minecraft:time_since_rest":35243,"minecraft:waystone_activated":3,"minecraft:damage_taken":3584,"minecraft:damage_dealt":9842,"minecraft:swim_one_cm":48270,"minecraft:fly_one_cm":141850,"minecraft:open_chest":136,"minecraft:crouch_one_cm":10705,"minecraft:interact_with_smoker":1,"minecraft:fall_one_cm":22086},"minecraft:mined":{"minecraft:dark_prismarine_stairs":14,"minecraft:dark_prismarine":8,"minecraft:diamond_ore":8,"biomesoplenty:willow_sapling":6,"biomesoplenty:watergrass":3,"minecraft:white_bed":2,"iceandfire:silver_ore":8,"minecraft:dark_oak_leaves":14,"minecraft:obsidian":1,"minecraft:spruce_trapdoor":2,"minecraft:ladder":52,"minecraft:grass_block":86,"minecraft:kelp":4,"minecraft:spawner":4,"minecraft:large_fern":5,"minecraft:magma_block":1,"minecraft:redstone_ore":21,"minecraft:mossy_cobblestone_slab":3,"variant16x:infested_andesite":1,"iceandfire:copper_ore":6,"minecraft:dark_oak_trapdoor":2,"minecraft:iron_ore":88,"minecraft:gold_block":6,"minecraft:vine":8,"minecraft:cobblestone_slab":2,"minecraft:stripped_oak_log":10,"minecraft:stone":923,"minecraft:spruce_slab":8,"biomesoplenty:willow_leaves":70,"minecraft:kelp_plant":18,"ars_nouveau:mana_berry_bush":2,"minecraft:clay":7,"minecraft:torch":4,"minecraft:emerald_ore":2,"minecraft:polished_andesite_stairs":4,"quark:stone_speleothem":3,"minecraft:chest":2,"minecraft:tall_grass":424,"minecraft:cobblestone":103,"minecraft:lapis_ore":7,"biomesoplenty:willow_log":20,"minecraft:wall_torch":28,"minecraft:spruce_stairs":13,"minecraft:sweet_berry_bush":18,"minecraft:grass_path":1,"biomesoplenty:mud":1,"minecraft:grass":110,"minecraft:coal_ore":198,"minecraft:oak_log":85,"variant16x:infested_granite":5,"minecraft:gravel":2,"minecraft:dirt":104,"ars_nouveau:arcane_ore":4,"quark:crimson_chest":3,"minecraft:netherrack":1,"minecraft:gold_ore":15,"minecraft:oak_leaves":102,"minecraft:infested_stone":3,"quark:root":2},"minecraft:used":{"minecraft:stone_sword":159,"minecraft:spruce_slab":9,"minecraft:stone_shovel":258,"minecraft:ladder":22,"minecraft:chest":3,"minecraft:netherrack":1,"minecraft:torch":120,"minecraft:dirt":215,"minecraft:soul_sand":1,"minecraft:spruce_stairs":140,"minecraft:obsidian":1,"minecraft:iron_axe":35,"minecraft:magma_block":1,"minecraft:sweet_berries":1,"minecraft:furnace":1,"minecraft:brown_bed":1,"minecraft:water_bucket":12,"biomesoplenty:willow_log":18,"minecraft:stone_pickaxe":379,"biomesoplenty:willow_sapling":12,"minecraft:crafting_table":1,"minecraft:white_bed":2,"decorative_blocks:chandelier":1,"minecraft:oak_log":27,"minecraft:dark_prismarine":7,"minecraft:diamond_pickaxe":870,"minecraft:apple":1,"minecraft:bread":29,"minecraft:iron_pickaxe":212,"minecraft:map":2,"quark:crimson_chest":2,"quark:root_item":1,"minecraft:stone_axe":405,"minecraft:cobblestone":607,"minecraft:white_banner":1,"minecraft:cooked_porkchop":4,"minecraft:bucket":14,"quark:oak_chest":1,"minecraft:kelp":55},"minecraft:crafted":{"minecraft:oak_planks":44,"minecraft:iron_nugget":1,"minecraft:furnace":1,"minecraft:stone":6,"decorative_blocks:chandelier":1,"minecraft:coal_block":15,"iceandfire:copper_ingot":6,"iceandfire:silver_ingot":6,"minecraft:crafting_table":2,"minecraft:bucket":1,"minecraft:air":0,"minecraft:diamond_pickaxe":1,"minecraft:stone_slab":6,"minecraft:stick":20,"quark:oak_chest":1,"minecraft:iron_pickaxe":1,"minecraft:iron_ingot":23,"minecraft:gold_ingot":64,"minecraft:torch":76},"minecraft:broken":{"minecraft:stone_axe":1},"minecraft:picked_up":{"quark:crimson_chest":4,"minecraft:crafting_table":1,"iceandfire:copper_ore":10,"minecraft:ladder":49,"minecraft:clay_ball":28,"minecraft:brown_bed":1,"minecraft:gold_block":6,"minecraft:enchanted_book":4,"minecraft:string":8,"minecraft:dark_oak_trapdoor":2,"minecraft:flint_and_steel":3,"minecraft:compass":1,"ars_nouveau:mana_gem":4,"minecraft:gold_nugget":3,"minecraft:bucket":1,"minecraft:dark_prismarine_stairs":28,"minecraft:cobblestone_slab":2,"minecraft:iron_nugget":32,"minecraft:spruce_slab":9,"quark:root_item":1,"minecraft:chest":4,"minecraft:spruce_trapdoor":2,"minecraft:egg":1,"minecraft:dark_oak_sapling":2,"minecraft:stick":22,"minecraft:torch":136,"minecraft:music_disc_mellohi":1,"minecraft:spruce_stairs":14,"iceandfire:silver_ore":8,"minecraft:carrot":38,"minecraft:redstone":95,"minecraft:golden_chestplate":1,"alexsmobs:crocodile_scute":1,"minecraft:stone_shovel":1,"minecraft:stone_sword":2,"minecraft:arrow":3,"minecraft:rotten_flesh":28,"minecraft:golden_hoe":1,"biomesoplenty:willow_sapling":34,"ars_nouveau:worn_notebook":2,"minecraft:gold_ingot":23,"minecraft:obsidian":3,"minecraft:cod":4,"minecraft:cobblestone":1021,"minecraft:stripped_oak_log":10,"minecraft:magma_block":1,"minecraft:mossy_cobblestone_slab":2,"minecraft:feather":11,"minecraft:water_bucket":1,"minecraft:golden_leggings":1,"minecraft:potato":2,"minecraft:filled_map":1,"minecraft:flint":8,"minecraft:oak_log":85,"minecraft:golden_boots":1,"minecraft:gunpowder":2,"minecraft:lapis_lazuli":47,"minecraft:dirt":267,"minecraft:white_banner":1,"minecraft:name_tag":1,"minecraft:bone":1,"minecraft:apple":1,"minecraft:kelp":185,"minecraft:wheat_seeds":60,"astral:snowberry":31,"minecraft:iron_ore":145,"minecraft:cobweb":9,"minecraft:iron_sword":1,"minecraft:polished_andesite_stairs":4,"minecraft:sweet_berries":70,"minecraft:gravel":4,"minecraft:white_bed":2,"minecraft:grass_block":2,"minecraft:gold_ore":23,"minecraft:spider_eye":3,"alexsmobs:animal_dictionary":2,"minecraft:dark_prismarine":9,"biomesoplenty:willow_log":19,"minecraft:diamond":10,"waystones:waystone":2,"minecraft:golden_apple":1,"biomesoplenty:mud_ball":4,"minecraft:bread":30,"minecraft:emerald":3,"minecraft:oak_sapling":18,"minecraft:netherrack":1,"minecraft:coal":218,"minecraft:diamond_pickaxe":1,"ars_nouveau:mana_berry":28,"minecraft:ender_pearl":4},"minecraft:killed":{"minecraft:vex":1,"minecraft:cave_spider":3,"minecraft:spider":2,"minecraft:skeleton":3,"minecraft:silverfish":5,"minecraft:zombie_villager":2,"minecraft:creeper":1,"minecraft:pillager":3,"minecraft:zombie":23,"alexsmobs:crocodile":4,"minecraft:enderman":3}},"DataVersion":2584}