{"stats":{"minecraft:killed_by":{"alexsmobs:crocodile":5,"minecraft:skeleton":1,"guardvillagers:guard":1},"minecraft:custom":{"minecraft:interact_with_furnace":6,"minecraft:mob_kills":11,"minecraft:interact_with_crafting_table":16,"minecraft:play_one_minute":170166,"minecraft:leave_game":1,"minecraft:time_since_death":97374,"minecraft:sleep_in_bed":8,"minecraft:climb_one_cm":38256,"minecraft:time_since_rest":3641,"minecraft:waystone_activated":2,"minecraft:sprint_one_cm":248955,"minecraft:damage_taken":2760,"minecraft:walk_one_cm":775336,"minecraft:drop":1,"minecraft:damage_dealt":2010,"minecraft:swim_one_cm":13068,"minecraft:talked_to_villager":1,"minecraft:fly_one_cm":28826,"minecraft:open_chest":36,"minecraft:crouch_one_cm":146,"minecraft:deaths":8,"minecraft:sneak_time":793,"minecraft:walk_under_water_one_cm":30953,"minecraft:jump":1380,"minecraft:walk_on_water_one_cm":58722,"minecraft:fall_one_cm":15319},"minecraft:dropped":{"minecraft:stone_sword":1},"minecraft:mined":{"minecraft:dark_prismarine_stairs":6,"minecraft:dark_prismarine":3,"minecraft:white_bed":2,"minecraft:kelp_plant":1,"minecraft:oak_fence":1,"minecraft:ladder":12,"minecraft:grass_block":3,"minecraft:chest":3,"minecraft:cobblestone":22,"minecraft:tall_grass":5,"minecraft:spruce_leaves":43,"biomesoplenty:willow_log":10,"minecraft:spruce_stairs":2,"minecraft:iron_ore":21,"minecraft:sweet_berry_bush":1,"minecraft:spruce_log":76,"minecraft:pumpkin":1,"minecraft:brown_bed":1,"minecraft:grass":12,"minecraft:oak_log":15,"minecraft:coal_ore":70,"minecraft:gravel":3,"minecraft:dirt":9,"minecraft:stone":169,"variant16x:spruce_wood_stairs":12,"minecraft:spruce_slab":5,"minecraft:oak_leaves":50,"minecraft:fern":1},"minecraft:crafted":{"minecraft:oak_planks":52,"woodcutter:woodcutter":1,"minecraft:crafting_table":1,"minecraft:iron_sword":1,"minecraft:furnace":1,"minecraft:spruce_stairs":128,"minecraft:bow":1,"minecraft:shield":1,"minecraft:spruce_slab":24,"variant16x:spruce_wood_stairs":4,"minecraft:iron_pickaxe":1,"minecraft:iron_ingot":21,"quark:spruce_chest":2},"minecraft:used":{"minecraft:oak_fence":17,"biomesoplenty:willow_log":8,"minecraft:stone_sword":2,"minecraft:spruce_slab":25,"minecraft:stone_shovel":62,"minecraft:stone_pickaxe":305,"minecraft:ladder":8,"minecraft:chest":2,"minecraft:iron_sword":45,"variant16x:spruce_wood_stairs":12,"woodcutter:woodcutter":1,"biomesoplenty:willow_sapling":2,"minecraft:oak_door":2,"minecraft:torch":5,"minecraft:dirt":3,"minecraft:crafting_table":1,"minecraft:white_bed":2,"minecraft:oak_log":2,"quark:spruce_chest":2,"minecraft:bread":9,"minecraft:spruce_sapling":17,"minecraft:stone_axe":217,"minecraft:cobblestone":175,"minecraft:sweet_berries":3,"minecraft:furnace":1,"minecraft:oak_sapling":5,"minecraft:cooked_porkchop":1},"minecraft:picked_up":{"minecraft:crafting_table":1,"minecraft:feather":4,"minecraft:azure_bluet":4,"minecraft:water_bucket":1,"minecraft:ladder":15,"minecraft:clay_ball":50,"minecraft:golden_leggings":1,"minecraft:brown_bed":1,"minecraft:filled_map":1,"minecraft:oak_log":15,"minecraft:golden_boots":1,"minecraft:map":1,"minecraft:string":4,"minecraft:dirt":75,"minecraft:compass":2,"minecraft:blue_orchid":14,"minecraft:apple":1,"minecraft:gold_nugget":5,"minecraft:bucket":1,"minecraft:dark_prismarine_stairs":12,"minecraft:stone_pickaxe":4,"minecraft:iron_ore":60,"minecraft:iron_nugget":4,"minecraft:spruce_slab":5,"minecraft:chest":4,"biomesoplenty:toadstool":1,"minecraft:stick":21,"minecraft:cooked_porkchop":124,"minecraft:pumpkin":3,"minecraft:sweet_berries":67,"minecraft:oak_fence":1,"minecraft:torch":127,"minecraft:spruce_stairs":2,"minecraft:gravel":5,"minecraft:spruce_sapling":17,"minecraft:spider_eye":2,"minecraft:white_bed":3,"minecraft:spruce_log":74,"minecraft:vine":8,"minecraft:golden_chestplate":1,"alexsmobs:animal_dictionary":3,"minecraft:dark_prismarine":6,"minecraft:rotten_flesh":1,"minecraft:stone_sword":6,"biomesoplenty:willow_log":10,"minecraft:stone_shovel":4,"minecraft:slime_ball":2,"minecraft:diamond":6,"minecraft:stone_axe":3,"biomesoplenty:willow_sapling":4,"ars_nouveau:worn_notebook":5,"variant16x:spruce_wood_stairs":16,"minecraft:gray_wool":4,"minecraft:bread":36,"minecraft:emerald":24,"minecraft:oak_sapling":9,"minecraft:mutton":4,"minecraft:coal":129,"minecraft:ender_pearl":1,"minecraft:cobblestone":205,"minecraft:diamond_pickaxe":1},"minecraft:killed":{"minecraft:spider":4,"minecraft:zombie":7}},"DataVersion":2584}