{"stats":{"minecraft:killed":{"minecraft:spider":5,"minecraft:skeleton":5,"minecraft:silverfish":3,"minecraft:pig":3,"minecraft:salmon":3,"minecraft:creeper":3,"minecraft:sheep":3,"minecraft:zombie":16,"minecraft:vex":2,"minecraft:horse":8,"iceandfire:ghost":2,"minecraft:enderman":1},"minecraft:broken":{"minecraft:shears":1,"minecraft:golden_shovel":1,"minecraft:stone_pickaxe":1,"minecraft:stone_axe":4,"minecraft:stone_shovel":2,"minecraft:iron_axe":1,"minecraft:iron_pickaxe":1,"minecraft:golden_pickaxe":1,"minecraft:wooden_hoe":1},"minecraft:picked_up":{"minecraft:wheat":278,"minecraft:redstone_block":71,"minecraft:stone_slab":5,"minecraft:wither_rose":2,"minecraft:enchanted_book":2,"minecraft:golden_shovel":2,"minecraft:brewing_stand":1,"minecraft:string":12,"minecraft:dark_oak_trapdoor":4,"ars_nouveau:mana_gem":13,"minecraft:oak_sign":1,"minecraft:gold_nugget":4,"minecraft:cobblestone_slab":9,"quark:root_item":2,"minecraft:coal_block":47,"minecraft:dark_oak_door":2,"minecraft:golden_helmet":2,"minecraft:stick":92,"minecraft:oak_fence":23,"minecraft:torch":70,"minecraft:spruce_stairs":7,"iceandfire:silver_ore":19,"minecraft:porkchop":4,"minecraft:golden_axe":2,"iceandfire:rotten_egg":1,"minecraft:diorite":1,"minecraft:brown_carpet":12,"minecraft:rotten_flesh":19,"ars_nouveau:worn_notebook":2,"minecraft:leather_horse_armor":1,"minecraft:obsidian":13,"minecraft:iron_bars":4,"minecraft:cobblestone":3238,"biomesoplenty:lavender":1,"minecraft:enchanting_table":1,"minecraft:leather_chestplate":1,"minecraft:magma_block":23,"minecraft:mossy_cobblestone_slab":8,"minecraft:feather":4,"woodcutter:woodcutter":3,"minecraft:potato":291,"minecraft:flint":25,"minecraft:lapis_lazuli":173,"minecraft:dirt":812,"minecraft:bone":12,"minecraft:stonecutter":1,"minecraft:wheat_seeds":747,"minecraft:dark_oak_sign":4,"minecraft:mossy_stone_bricks":1,"quark:apple_crate":3,"minecraft:oak_planks":24,"iceandfire:dragon_skull_fire":2,"minecraft:poisonous_potato":1,"minecraft:sand":5,"minecraft:dark_oak_log":11,"alexsmobs:animal_dictionary":1,"minecraft:dark_prismarine":25,"minecraft:iron_hoe":2,"minecraft:diamond":28,"minecraft:bone_meal":1,"minecraft:golden_apple":2,"minecraft:bread":10,"minecraft:emerald":2,"minecraft:oak_sapling":186,"minecraft:netherrack":10,"minecraft:oak_leaves":372,"quark:crimson_chest":2,"iceandfire:copper_ingot":2,"biomesoplenty:redwood_log":35,"minecraft:crafting_table":2,"minecraft:ladder":102,"minecraft:clay_ball":328,"minecraft:golden_pickaxe":2,"minecraft:brown_mushroom":12,"minecraft:gold_block":6,"minecraft:chain":5,"minecraft:compass":1,"minecraft:cartography_table":3,"minecraft:dark_prismarine_stairs":38,"minecraft:player_head":5,"minecraft:iron_nugget":6,"minecraft:spruce_slab":4,"minecraft:light_gray_wool":4,"minecraft:sugar_cane":203,"minecraft:chest":5,"minecraft:egg":15,"storagedrawers:oak_trim":4,"minecraft:dark_oak_sapling":7,"iceandfire:dragonbone":16,"minecraft:stone":238,"minecraft:oak_door":1,"minecraft:fire_charge":2,"minecraft:redstone":646,"minecraft:arrow":11,"minecraft:hay_block":17,"minecraft:gold_ingot":11,"biomesoplenty:redwood_sapling":5,"minecraft:mutton":5,"minecraft:white_wool":7,"minecraft:skeleton_skull":1,"minecraft:rail":8,"minecraft:bone_block":14,"minecraft:oxeye_daisy":33,"minecraft:golden_carrot":7,"minecraft:salmon":3,"biomesoplenty:goldenrod":36,"minecraft:leather":12,"minecraft:filled_map":1,"minecraft:oak_log":166,"minecraft:gunpowder":4,"minecraft:cobblestone_stairs":2,"minecraft:paper":22,"minecraft:red_carpet":2,"minecraft:apple":51,"minecraft:stone_bricks":3,"quark:tallow":16,"minecraft:iron_ore":175,"minecraft:book":27,"minecraft:polished_andesite_stairs":4,"minecraft:dark_oak_slab":2,"minecraft:pumpkin":6,"minecraft:dandelion":21,"minecraft:gravel":236,"minecraft:spruce_sapling":3,"minecraft:white_bed":1,"minecraft:spruce_log":31,"minecraft:gold_ore":28,"minecraft:crying_obsidian":1,"quark:oak_chest":6,"minecraft:leather_helmet":1,"minecraft:painting":1,"minecraft:mossy_cobblestone_stairs":7,"minecraft:coal":591,"minecraft:ender_pearl":1},"minecraft:used":{"minecraft:iron_shovel":260,"minecraft:spruce_slab":20,"minecraft:ladder":44,"minecraft:oak_sign":1,"minecraft:chest":2,"minecraft:shield":15,"minecraft:iron_sword":147,"minecraft:player_head":4,"variant16x:obsidian_pressure_plate":1,"minecraft:obsidian":3,"minecraft:mossy_cobblestone_slab":8,"minecraft:stone_bricks":3,"minecraft:red_carpet":2,"minecraft:magma_block":1,"minecraft:brown_carpet":12,"minecraft:furnace":1,"minecraft:oak_sapling":80,"minecraft:skeleton_skull":1,"minecraft:potato":36,"minecraft:dark_prismarine_stairs":12,"minecraft:mossy_stone_bricks":1,"minecraft:stone_pickaxe":131,"minecraft:oak_planks":60,"minecraft:composter":1,"biomesoplenty:lavender":1,"minecraft:sugar_cane":13,"minecraft:oak_leaves":207,"minecraft:sand":3,"biomesoplenty:goldenrod":3,"minecraft:shears":378,"decorative_blocks:chandelier":1,"minecraft:crying_obsidian":1,"minecraft:dark_oak_log":4,"minecraft:bread":12,"quark:potato_crate":7,"storagedrawers:oak_trim":8,"quark:apple_crate":7,"iceandfire:dragon_skull_fire":2,"minecraft:grindstone":1,"minecraft:bone_meal":22,"minecraft:golden_pickaxe":64,"minecraft:oak_fence":102,"minecraft:enchanting_table":2,"minecraft:stone_shovel":321,"minecraft:wooden_shovel":56,"minecraft:cooked_salmon":3,"minecraft:netherrack":6,"minecraft:oak_door":2,"minecraft:torch":231,"minecraft:brewing_stand":1,"minecraft:dirt":192,"minecraft:anvil":1,"minecraft:hopper":4,"minecraft:spruce_stairs":113,"minecraft:golden_shovel":83,"biomesoplenty:redwood_log":2,"minecraft:mossy_cobblestone_stairs":1,"minecraft:iron_hoe":222,"minecraft:bookshelf":11,"quark:spruce_chest":2,"minecraft:iron_axe":741,"minecraft:oak_stairs":3,"minecraft:golden_axe":15,"minecraft:wheat_seeds":49,"minecraft:water_bucket":53,"minecraft:cobblestone_stairs":1,"minecraft:baked_potato":42,"minecraft:cartography_table":3,"minecraft:stonecutter":1,"minecraft:cobblestone_slab":4,"woodcutter:woodcutter":5,"minecraft:oak_slab":9,"minecraft:crafting_table":6,"minecraft:white_bed":1,"minecraft:spruce_log":6,"minecraft:oak_log":82,"minecraft:wooden_hoe":59,"minecraft:diamond_pickaxe":2733,"minecraft:oxeye_daisy":1,"minecraft:iron_pickaxe":999,"minecraft:map":2,"quark:crimson_chest":2,"minecraft:stone_axe":512,"quark:dark_oak_chest":1,"minecraft:cobblestone":685,"minecraft:cooked_porkchop":4,"minecraft:bucket":60,"quark:oak_chest":7,"minecraft:dandelion":3,"minecraft:splash_potion":1},"minecraft:dropped":{"minecraft:golden_apple":1},"minecraft:killed_by":{"minecraft:creeper":1},"minecraft:custom":{"minecraft:animals_bred":6,"minecraft:interact_with_crafting_table":67,"minecraft:open_barrel":5,"minecraft:leave_game":11,"minecraft:time_since_death":65751,"minecraft:sprint_one_cm":1452967,"minecraft:damage_blocked_by_shield":440,"minecraft:drop":1,"minecraft:talked_to_villager":8,"minecraft:deaths":1,"minecraft:jump":2437,"minecraft:interact_with_brewingstand":2,"minecraft:walk_on_water_one_cm":126394,"minecraft:enchant_item":4,"minecraft:interact_with_furnace":92,"minecraft:interact_with_cartography_table":10,"minecraft:play_one_minute":511530,"minecraft:sleep_in_bed":27,"minecraft:waystone_activated":4,"minecraft:damage_dealt":9393,"minecraft:crouch_one_cm":27533,"minecraft:horse_one_cm":826279,"minecraft:interact_with_smithing_table":1,"minecraft:mob_kills":54,"minecraft:interact_with_anvil":3,"minecraft:inspect_hopper":73,"minecraft:climb_one_cm":75612,"minecraft:walk_one_cm":2072705,"minecraft:sneak_time":11921,"minecraft:walk_under_water_one_cm":49623,"minecraft:interact_with_blast_furnace":3,"minecraft:interact_with_grindstone":2,"minecraft:time_since_rest":1490,"minecraft:damage_taken":1860,"minecraft:trigger_trapped_chest":2,"minecraft:swim_one_cm":101559,"minecraft:fly_one_cm":294933,"minecraft:open_chest":410,"minecraft:fall_one_cm":42178},"minecraft:mined":{"minecraft:dark_prismarine_stairs":28,"minecraft:white_bed":1,"minecraft:oak_sapling":22,"minecraft:cobblestone_stairs":2,"minecraft:brewing_stand":1,"minecraft:obsidian":12,"minecraft:grass_block":406,"minecraft:infested_cobblestone":1,"minecraft:oak_wall_sign":1,"minecraft:oxeye_daisy":19,"minecraft:spawner":4,"minecraft:magma_block":12,"minecraft:mossy_cobblestone_slab":8,"minecraft:mossy_cobblestone_stairs":7,"minecraft:dark_oak_trapdoor":4,"minecraft:iron_ore":175,"minecraft:fire":8,"biomesoplenty:lavender":1,"minecraft:pumpkin":6,"minecraft:enchanting_table":1,"biomesoplenty:redwood_log":35,"minecraft:iron_bars":2,"minecraft:spruce_slab":4,"minecraft:brown_mushroom":7,"minecraft:clay":42,"minecraft:torch":8,"minecraft:polished_andesite_stairs":2,"quark:stone_speleothem":1,"minecraft:chest":5,"minecraft:cobblestone":97,"minecraft:sugar_cane":128,"minecraft:oak_planks":24,"minecraft:wall_torch":47,"biomesoplenty:goldenrod":39,"minecraft:skeleton_skull":1,"minecraft:chain":5,"woodcutter:woodcutter":3,"minecraft:dark_oak_slab":2,"minecraft:dark_oak_door":2,"minecraft:wheat":4,"minecraft:wither_rose":2,"minecraft:grass":964,"minecraft:oak_log":169,"minecraft:sand":4,"minecraft:dirt":78,"minecraft:stonecutter":1,"minecraft:netherrack":8,"minecraft:oak_leaves":1469,"minecraft:dark_prismarine":16,"minecraft:diamond_ore":24,"minecraft:crying_obsidian":1,"minecraft:red_carpet":2,"iceandfire:silver_ore":19,"minecraft:dark_oak_leaves":4,"minecraft:oak_door":1,"minecraft:dark_oak_log":11,"minecraft:ladder":96,"minecraft:spruce_leaves":1,"minecraft:cartography_table":2,"minecraft:large_fern":2,"minecraft:hay_block":5,"minecraft:redstone_ore":135,"storagedrawers:oak_trim":4,"minecraft:gold_block":6,"minecraft:bookshelf":9,"minecraft:potatoes":1,"minecraft:cobblestone_slab":10,"minecraft:vine":3,"minecraft:rail":8,"biomesoplenty:barley":74,"minecraft:stone":2722,"minecraft:bone_block":14,"minecraft:podzol":1,"quark:oak_chest":6,"minecraft:brown_carpet":12,"minecraft:dandelion":14,"minecraft:oak_fence":23,"minecraft:crafting_table":2,"minecraft:tall_grass":83,"minecraft:lapis_ore":24,"minecraft:diorite":1,"minecraft:spruce_stairs":7,"minecraft:dark_oak_wall_sign":4,"quark:apple_crate":3,"minecraft:spruce_log":31,"minecraft:grass_path":3,"minecraft:coal_ore":451,"biomesoplenty:redwood_leaves":8,"minecraft:gravel":134,"minecraft:cobweb":9,"minecraft:stone_bricks":3,"quark:crimson_chest":2,"ars_nouveau:arcane_ore":11,"minecraft:mossy_stone_bricks":1,"minecraft:gold_ore":28,"minecraft:fern":3},"minecraft:crafted":{"minecraft:grindstone":1,"minecraft:oak_planks":28,"minecraft:stone":185,"decorative_blocks:chandelier":2,"minecraft:bookshelf":11,"minecraft:hopper":4,"minecraft:bow":1,"minecraft:iron_boots":1,"minecraft:wooden_shovel":1,"variant16x:obsidian_pressure_plate":1,"minecraft:arrow":32,"quark:apple_crate":4,"minecraft:cooked_porkchop":4,"minecraft:map":1,"quark:stick_block":7,"minecraft:crafting_table":4,"minecraft:baked_potato":82,"minecraft:hay_block":20,"minecraft:cartography_table":1,"minecraft:wooden_hoe":1,"minecraft:book":17,"minecraft:paper":132,"minecraft:diamond_pickaxe":3,"minecraft:shield":1,"minecraft:stick":111,"minecraft:stone_slab":6,"quark:oak_chest":3,"minecraft:iron_ingot":50,"minecraft:iron_pickaxe":4,"minecraft:iron_block":3,"minecraft:gold_ingot":10,"minecraft:composter":1,"minecraft:shears":2,"minecraft:stone_shovel":3,"minecraft:iron_nugget":1,"minecraft:furnace":1,"minecraft:bone_meal":33,"minecraft:flint_and_steel":1,"quark:dark_oak_chest":1,"minecraft:iron_axe":4,"minecraft:iron_hoe":1,"minecraft:stone_pickaxe":1,"minecraft:redstone_block":71,"quark:spruce_chest":2,"storagedrawers:oak_trim":4,"minecraft:coal_block":47,"woodcutter:woodcutter":2,"iceandfire:silver_ingot":4,"quark:potato_crate":18,"minecraft:enchanting_table":1,"minecraft:iron_sword":1,"minecraft:cooked_salmon":3,"minecraft:bucket":2,"minecraft:stone_axe":4,"minecraft:air":0,"iceandfire:armor_silver_metal_helmet":1,"minecraft:iron_shovel":1,"minecraft:iron_leggings":1,"minecraft:anvil":1,"minecraft:white_bed":1,"minecraft:torch":196,"minecraft:lapis_block":12}},"DataVersion":2584}