{"stats":{"minecraft:killed_by":{"minecraft:enderman":2,"alexsmobs:crocodile":5,"minecraft:zombie":5},"minecraft:mined":{"minecraft:dark_prismarine_stairs":14,"minecraft:dark_prismarine":8,"minecraft:diamond_ore":8,"minecraft:white_bed":2,"biomesoplenty:willow_sapling":7,"biomesoplenty:watergrass":6,"iceandfire:silver_ore":12,"minecraft:dark_oak_leaves":14,"minecraft:obsidian":5,"minecraft:spruce_trapdoor":2,"minecraft:ladder":52,"minecraft:grass_block":152,"minecraft:spruce_leaves":18,"biomesoplenty:cattail":1,"minecraft:kelp":4,"biomesoplenty:willow_planks":1,"minecraft:spawner":4,"minecraft:large_fern":5,"biomesoplenty:mud_bricks":12,"minecraft:magma_block":1,"minecraft:redstone_ore":27,"minecraft:mossy_cobblestone_slab":3,"minecraft:furnace":1,"iceandfire:copper_ore":13,"variant16x:infested_andesite":1,"minecraft:dark_oak_trapdoor":2,"minecraft:iron_ore":157,"biomesoplenty:willow_vine":1,"minecraft:gold_block":6,"minecraft:cobblestone_slab":2,"minecraft:vine":8,"minecraft:stripped_oak_log":10,"minecraft:stone":1267,"minecraft:spruce_slab":12,"biomesoplenty:willow_leaves":92,"minecraft:kelp_plant":18,"ars_nouveau:mana_berry_bush":2,"minecraft:clay":75,"minecraft:torch":4,"minecraft:emerald_ore":2,"minecraft:polished_andesite_stairs":4,"quark:stone_speleothem":3,"minecraft:chest":2,"minecraft:tall_grass":425,"minecraft:cobblestone":143,"biomesoplenty:sprout":1,"minecraft:lapis_ore":9,"biomesoplenty:willow_log":73,"minecraft:wall_torch":33,"minecraft:spruce_stairs":19,"minecraft:sweet_berry_bush":18,"minecraft:spruce_log":69,"minecraft:grass_path":1,"biomesoplenty:mud":114,"minecraft:grass":127,"minecraft:oak_log":86,"minecraft:coal_ore":358,"variant16x:infested_granite":5,"minecraft:gravel":143,"minecraft:dirt":165,"quark:crimson_chest":3,"ars_nouveau:arcane_ore":4,"minecraft:netherrack":1,"minecraft:gold_ore":22,"minecraft:oak_leaves":103,"minecraft:infested_stone":3,"minecraft:fern":2,"quark:root":2},"minecraft:custom":{"minecraft:mob_kills":69,"minecraft:inspect_hopper":12,"minecraft:interact_with_crafting_table":5,"minecraft:open_barrel":19,"minecraft:leave_game":11,"minecraft:time_since_death":24631,"minecraft:climb_one_cm":55175,"minecraft:sprint_one_cm":870664,"minecraft:walk_one_cm":1211393,"minecraft:talked_to_villager":3,"minecraft:sneak_time":11045,"minecraft:deaths":12,"minecraft:walk_under_water_one_cm":247422,"minecraft:jump":2196,"minecraft:walk_on_water_one_cm":106725,"minecraft:interact_with_furnace":44,"minecraft:play_one_minute":361685,"minecraft:interact_with_grindstone":4,"minecraft:sleep_in_bed":12,"minecraft:time_since_rest":749,"minecraft:waystone_activated":3,"minecraft:damage_taken":5279,"minecraft:damage_dealt":12823,"minecraft:swim_one_cm":48270,"minecraft:fly_one_cm":192565,"minecraft:open_chest":226,"minecraft:crouch_one_cm":29214,"minecraft:interact_with_smoker":1,"minecraft:fall_one_cm":32936},"minecraft:broken":{"minecraft:stone_pickaxe":1,"minecraft:stone_axe":1,"minecraft:stone_shovel":2},"minecraft:crafted":{"minecraft:grindstone":1,"biomesoplenty:mud":6,"minecraft:oak_planks":48,"minecraft:stone_shovel":3,"minecraft:coal":162,"minecraft:iron_nugget":1,"minecraft:furnace":3,"minecraft:stone":6,"minecraft:lever":2,"decorative_blocks:chandelier":1,"minecraft:hopper":4,"minecraft:redstone_block":12,"minecraft:coal_block":20,"iceandfire:copper_ingot":6,"woodcutter:woodcutter":1,"iceandfire:silver_ingot":6,"minecraft:crafting_table":2,"biomesoplenty:mud_bricks":64,"minecraft:bucket":1,"biomesoplenty:willow_planks":40,"minecraft:stone_axe":1,"minecraft:air":0,"iceandfire:armor_silver_metal_helmet":1,"minecraft:diamond_pickaxe":1,"minecraft:stick":28,"minecraft:stone_slab":6,"quark:oak_chest":9,"minecraft:iron_ingot":23,"minecraft:iron_pickaxe":2,"minecraft:gold_ingot":64,"minecraft:torch":188},"minecraft:killed":{"minecraft:vex":1,"minecraft:cave_spider":3,"minecraft:spider":2,"minecraft:skeleton":6,"minecraft:silverfish":5,"minecraft:zombie_villager":2,"minecraft:creeper":2,"minecraft:pillager":3,"alexsmobs:crocodile":4,"minecraft:zombie":34,"minecraft:enderman":4},"minecraft:used":{"minecraft:stone_sword":206,"minecraft:spruce_slab":31,"minecraft:stone_shovel":688,"minecraft:ladder":22,"minecraft:chest":3,"minecraft:spruce_planks":16,"biomesoplenty:mud":6,"minecraft:netherrack":1,"minecraft:torch":204,"minecraft:soul_sand":1,"minecraft:dirt":271,"minecraft:hopper":4,"minecraft:spruce_stairs":279,"minecraft:obsidian":1,"minecraft:iron_axe":213,"biomesoplenty:mud_bricks":60,"minecraft:magma_block":1,"minecraft:sweet_berries":1,"minecraft:furnace":3,"minecraft:brown_bed":1,"minecraft:water_bucket":14,"biomesoplenty:willow_log":43,"minecraft:spruce_door":4,"minecraft:stone_pickaxe":384,"biomesoplenty:willow_planks":37,"woodcutter:woodcutter":1,"biomesoplenty:willow_sapling":12,"minecraft:crafting_table":2,"minecraft:white_bed":2,"minecraft:spruce_log":3,"decorative_blocks:chandelier":1,"minecraft:oak_log":27,"minecraft:dark_prismarine":7,"minecraft:lever":5,"minecraft:diamond_pickaxe":1525,"minecraft:apple":1,"minecraft:iron_pickaxe":216,"minecraft:bread":32,"minecraft:map":2,"biomesoplenty:cattail":1,"quark:crimson_chest":2,"quark:root_item":1,"minecraft:stone_axe":409,"minecraft:cobblestone":746,"minecraft:white_banner":1,"minecraft:grindstone":1,"minecraft:cooked_porkchop":15,"minecraft:bucket":16,"quark:oak_chest":5,"minecraft:kelp":55},"minecraft:picked_up":{"quark:crimson_chest":4,"minecraft:crafting_table":2,"minecraft:ladder":49,"minecraft:clay_ball":300,"iceandfire:copper_ore":17,"minecraft:stone_slab":5,"minecraft:brown_bed":1,"minecraft:gold_block":6,"minecraft:enchanted_book":4,"minecraft:string":8,"minecraft:dark_oak_trapdoor":2,"minecraft:flint_and_steel":3,"minecraft:compass":1,"ars_nouveau:mana_gem":4,"biomesoplenty:willow_planks":1,"minecraft:gold_nugget":3,"minecraft:bucket":3,"minecraft:dark_prismarine_stairs":28,"minecraft:cobblestone_slab":2,"minecraft:iron_nugget":32,"quark:root_item":1,"minecraft:spruce_slab":13,"minecraft:chest":4,"minecraft:furnace":1,"minecraft:spruce_trapdoor":2,"minecraft:egg":1,"minecraft:dark_oak_sapling":2,"minecraft:stick":99,"minecraft:torch":200,"minecraft:music_disc_mellohi":1,"minecraft:spruce_stairs":20,"iceandfire:silver_ore":12,"biomesoplenty:mud_bricks":12,"minecraft:carrot":38,"minecraft:redstone":123,"minecraft:golden_chestplate":2,"alexsmobs:crocodile_scute":1,"minecraft:stone_sword":3,"minecraft:stone_shovel":3,"minecraft:arrow":7,"minecraft:rotten_flesh":41,"minecraft:golden_hoe":1,"biomesoplenty:cattail":1,"biomesoplenty:willow_sapling":65,"ars_nouveau:worn_notebook":2,"minecraft:gold_ingot":23,"minecraft:obsidian":6,"minecraft:cod":4,"minecraft:cobblestone":1420,"minecraft:stripped_oak_log":10,"minecraft:magma_block":1,"minecraft:mossy_cobblestone_slab":2,"minecraft:feather":11,"minecraft:water_bucket":1,"minecraft:golden_leggings":2,"minecraft:potato":2,"minecraft:filled_map":1,"minecraft:flint":22,"minecraft:oak_log":86,"minecraft:golden_boots":2,"minecraft:gunpowder":3,"minecraft:lapis_lazuli":55,"minecraft:dirt":439,"minecraft:white_banner":1,"minecraft:name_tag":1,"minecraft:bone":6,"minecraft:apple":1,"minecraft:kelp":185,"minecraft:wheat_seeds":66,"iceandfire:armor_silver_metal_helmet":1,"minecraft:cobweb":9,"minecraft:stone_pickaxe":2,"minecraft:iron_ingot":43,"astral:snowberry":31,"minecraft:iron_ore":214,"minecraft:iron_sword":1,"minecraft:oak_planks":59,"minecraft:polished_andesite_stairs":4,"minecraft:cooked_porkchop":19,"minecraft:sweet_berries":70,"minecraft:gravel":130,"minecraft:spruce_sapling":34,"minecraft:gold_ore":30,"minecraft:spruce_log":69,"minecraft:white_bed":2,"minecraft:grass_block":2,"minecraft:spider_eye":3,"alexsmobs:animal_dictionary":2,"minecraft:dark_prismarine":9,"biomesoplenty:willow_log":73,"minecraft:diamond":10,"minecraft:lever":3,"waystones:waystone":2,"minecraft:golden_apple":1,"biomesoplenty:mud_ball":440,"minecraft:emerald":3,"minecraft:bread":30,"minecraft:oak_sapling":19,"minecraft:netherrack":1,"minecraft:diamond_pickaxe":1,"minecraft:coal":378,"ars_nouveau:mana_berry":28,"minecraft:ender_pearl":5}},"DataVersion":2584}