{"stats":{"minecraft:killed":{"minecraft:spider":2,"minecraft:skeleton":3,"minecraft:pig":3,"minecraft:salmon":3,"minecraft:creeper":1,"minecraft:zombie":12,"minecraft:enderman":1},"minecraft:broken":{"minecraft:shears":1,"minecraft:golden_shovel":1,"minecraft:stone_pickaxe":1,"minecraft:stone_axe":3,"minecraft:iron_pickaxe":1,"minecraft:golden_pickaxe":1,"minecraft:wooden_hoe":1,"minecraft:stone_shovel":2},"minecraft:picked_up":{"quark:crimson_chest":2,"minecraft:wheat":218,"minecraft:crafting_table":2,"minecraft:ladder":46,"minecraft:clay_ball":160,"minecraft:golden_pickaxe":2,"minecraft:brown_mushroom":12,"minecraft:gold_block":1,"minecraft:enchanted_book":2,"minecraft:golden_shovel":2,"minecraft:brewing_stand":1,"minecraft:string":1,"minecraft:compass":1,"ars_nouveau:mana_gem":13,"minecraft:oak_sign":1,"minecraft:cartography_table":3,"minecraft:gold_nugget":3,"minecraft:dark_prismarine_stairs":16,"quark:root_item":2,"minecraft:player_head":2,"minecraft:light_gray_wool":4,"minecraft:spruce_slab":1,"minecraft:sugar_cane":161,"minecraft:chest":2,"minecraft:egg":5,"minecraft:dark_oak_sapling":3,"minecraft:golden_helmet":2,"minecraft:stick":70,"iceandfire:dragonbone":8,"minecraft:oak_door":1,"minecraft:oak_fence":13,"minecraft:torch":69,"minecraft:spruce_stairs":6,"iceandfire:silver_ore":19,"minecraft:fire_charge":1,"minecraft:porkchop":4,"minecraft:golden_axe":2,"minecraft:diorite":1,"minecraft:redstone":646,"minecraft:brown_carpet":11,"minecraft:arrow":4,"minecraft:rotten_flesh":12,"ars_nouveau:worn_notebook":2,"minecraft:hay_block":17,"minecraft:obsidian":10,"minecraft:iron_bars":2,"minecraft:white_wool":4,"minecraft:cobblestone":2781,"minecraft:oxeye_daisy":33,"minecraft:enchanting_table":1,"minecraft:magma_block":12,"minecraft:feather":2,"minecraft:golden_carrot":7,"minecraft:salmon":3,"biomesoplenty:goldenrod":36,"woodcutter:woodcutter":3,"minecraft:potato":240,"minecraft:filled_map":1,"minecraft:flint":16,"minecraft:oak_log":124,"minecraft:paper":22,"minecraft:lapis_lazuli":173,"minecraft:dirt":463,"minecraft:bone":8,"minecraft:red_carpet":2,"minecraft:apple":45,"minecraft:stone_bricks":2,"minecraft:wheat_seeds":640,"quark:tallow":8,"minecraft:iron_ore":169,"minecraft:mossy_stone_bricks":1,"quark:apple_crate":3,"minecraft:oak_planks":12,"minecraft:book":18,"minecraft:polished_andesite_stairs":2,"minecraft:dandelion":21,"minecraft:gravel":118,"iceandfire:dragon_skull_fire":2,"minecraft:sand":1,"minecraft:spruce_sapling":3,"minecraft:spruce_log":31,"minecraft:gold_ore":26,"minecraft:crying_obsidian":1,"quark:oak_chest":6,"minecraft:dark_oak_log":11,"alexsmobs:animal_dictionary":1,"minecraft:dark_prismarine":10,"minecraft:iron_hoe":1,"minecraft:diamond":28,"minecraft:bone_meal":1,"minecraft:bread":10,"minecraft:oak_sapling":150,"minecraft:netherrack":8,"minecraft:coal":552,"minecraft:oak_leaves":372,"minecraft:ender_pearl":1},"minecraft:used":{"minecraft:oak_fence":93,"minecraft:enchanting_table":2,"minecraft:iron_shovel":260,"minecraft:spruce_slab":10,"minecraft:stone_shovel":283,"minecraft:ladder":25,"minecraft:oak_sign":1,"minecraft:chest":2,"minecraft:shield":13,"minecraft:iron_sword":25,"minecraft:wooden_shovel":56,"minecraft:cooked_salmon":3,"minecraft:player_head":1,"minecraft:netherrack":6,"minecraft:oak_door":2,"minecraft:torch":206,"minecraft:brewing_stand":1,"minecraft:dirt":139,"minecraft:hopper":2,"minecraft:spruce_stairs":46,"minecraft:golden_shovel":83,"minecraft:obsidian":3,"minecraft:iron_hoe":222,"minecraft:bookshelf":5,"minecraft:iron_axe":487,"minecraft:oak_stairs":3,"minecraft:stone_bricks":2,"minecraft:red_carpet":2,"minecraft:brown_carpet":11,"minecraft:magma_block":1,"minecraft:oak_sapling":75,"minecraft:furnace":1,"minecraft:potato":36,"minecraft:dark_prismarine_stairs":6,"minecraft:golden_axe":15,"minecraft:wheat_seeds":49,"minecraft:water_bucket":52,"minecraft:mossy_stone_bricks":1,"minecraft:baked_potato":24,"minecraft:oak_planks":25,"minecraft:stone_pickaxe":131,"minecraft:cartography_table":2,"minecraft:sugar_cane":12,"woodcutter:woodcutter":5,"minecraft:oak_leaves":207,"biomesoplenty:goldenrod":3,"minecraft:oak_slab":9,"minecraft:crafting_table":6,"minecraft:spruce_log":6,"minecraft:shears":378,"decorative_blocks:chandelier":1,"minecraft:oak_log":82,"minecraft:wooden_hoe":59,"minecraft:diamond_pickaxe":2623,"minecraft:oxeye_daisy":1,"minecraft:crying_obsidian":1,"minecraft:dark_oak_log":4,"minecraft:iron_pickaxe":999,"minecraft:map":2,"minecraft:bread":11,"quark:potato_crate":7,"quark:crimson_chest":2,"minecraft:stone_axe":377,"quark:apple_crate":7,"minecraft:cobblestone":650,"iceandfire:dragon_skull_fire":2,"minecraft:grindstone":1,"minecraft:cooked_porkchop":4,"minecraft:bucket":59,"minecraft:dandelion":3,"quark:oak_chest":6,"minecraft:golden_pickaxe":64,"minecraft:splash_potion":1,"minecraft:bone_meal":1},"minecraft:custom":{"minecraft:mob_kills":25,"minecraft:inspect_hopper":39,"minecraft:interact_with_crafting_table":46,"minecraft:leave_game":8,"minecraft:time_since_death":378196,"minecraft:climb_one_cm":55833,"minecraft:sprint_one_cm":1059175,"minecraft:walk_one_cm":1545886,"minecraft:damage_blocked_by_shield":360,"minecraft:talked_to_villager":8,"minecraft:sneak_time":10010,"minecraft:walk_under_water_one_cm":46718,"minecraft:interact_with_brewingstand":2,"minecraft:jump":1779,"minecraft:walk_on_water_one_cm":115598,"minecraft:enchant_item":2,"minecraft:interact_with_furnace":82,"minecraft:interact_with_cartography_table":5,"minecraft:play_one_minute":378196,"minecraft:interact_with_grindstone":2,"minecraft:sleep_in_bed":17,"minecraft:time_since_rest":10524,"minecraft:waystone_activated":2,"minecraft:damage_taken":1077,"minecraft:damage_dealt":4082,"minecraft:swim_one_cm":93040,"minecraft:fly_one_cm":207567,"minecraft:open_chest":283,"minecraft:crouch_one_cm":24119,"minecraft:fall_one_cm":27589},"minecraft:mined":{"minecraft:dark_prismarine_stairs":16,"minecraft:dark_prismarine":10,"minecraft:diamond_ore":24,"minecraft:crying_obsidian":1,"minecraft:red_carpet":2,"minecraft:oak_sapling":21,"iceandfire:silver_ore":19,"minecraft:dark_oak_leaves":4,"minecraft:oak_door":1,"minecraft:dark_oak_log":11,"minecraft:brewing_stand":1,"minecraft:obsidian":12,"minecraft:ladder":49,"minecraft:grass_block":383,"minecraft:spruce_leaves":1,"minecraft:cartography_table":2,"minecraft:oxeye_daisy":19,"minecraft:oak_wall_sign":1,"minecraft:hay_block":5,"minecraft:magma_block":12,"minecraft:redstone_ore":135,"minecraft:iron_ore":169,"minecraft:gold_block":1,"minecraft:enchanting_table":1,"minecraft:bookshelf":6,"minecraft:potatoes":1,"minecraft:vine":1,"minecraft:iron_bars":2,"biomesoplenty:barley":7,"minecraft:stone":2722,"minecraft:spruce_slab":1,"minecraft:podzol":1,"minecraft:brown_mushroom":7,"quark:oak_chest":6,"minecraft:brown_carpet":11,"minecraft:dandelion":14,"minecraft:clay":40,"minecraft:oak_fence":13,"minecraft:crafting_table":2,"minecraft:torch":7,"minecraft:polished_andesite_stairs":2,"quark:stone_speleothem":1,"minecraft:chest":2,"minecraft:tall_grass":58,"minecraft:cobblestone":92,"minecraft:lapis_ore":24,"minecraft:oak_planks":12,"minecraft:sugar_cane":90,"minecraft:diorite":1,"minecraft:wall_torch":47,"biomesoplenty:goldenrod":39,"minecraft:spruce_stairs":6,"woodcutter:woodcutter":3,"quark:apple_crate":3,"minecraft:wheat":4,"minecraft:spruce_log":31,"minecraft:grass_path":3,"minecraft:grass":925,"minecraft:oak_log":127,"minecraft:coal_ore":451,"minecraft:gravel":134,"minecraft:sand":1,"minecraft:dirt":75,"ars_nouveau:arcane_ore":11,"quark:crimson_chest":2,"minecraft:stone_bricks":2,"minecraft:netherrack":8,"minecraft:gold_ore":26,"minecraft:mossy_stone_bricks":1,"minecraft:oak_leaves":1271},"minecraft:crafted":{"minecraft:grindstone":1,"minecraft:oak_planks":24,"minecraft:stone_shovel":3,"minecraft:furnace":1,"minecraft:stone":185,"minecraft:bone_meal":18,"decorative_blocks:chandelier":2,"minecraft:bookshelf":5,"quark:dark_oak_chest":1,"minecraft:hopper":2,"minecraft:iron_boots":1,"minecraft:iron_axe":3,"minecraft:iron_hoe":1,"minecraft:stone_pickaxe":1,"minecraft:redstone_block":71,"quark:spruce_chest":1,"minecraft:coal_block":47,"woodcutter:woodcutter":2,"minecraft:wooden_shovel":1,"quark:apple_crate":4,"iceandfire:silver_ingot":4,"minecraft:cooked_porkchop":4,"quark:potato_crate":7,"quark:stick_block":7,"minecraft:crafting_table":4,"minecraft:enchanting_table":1,"minecraft:baked_potato":60,"minecraft:iron_sword":1,"minecraft:cooked_salmon":3,"minecraft:bucket":2,"minecraft:hay_block":7,"minecraft:stone_axe":3,"minecraft:air":0,"minecraft:cartography_table":1,"iceandfire:armor_silver_metal_helmet":1,"minecraft:diamond_pickaxe":3,"minecraft:paper":30,"minecraft:wooden_hoe":1,"minecraft:shield":1,"minecraft:stick":93,"minecraft:stone_slab":6,"quark:oak_chest":2,"minecraft:iron_ingot":49,"minecraft:iron_pickaxe":4,"minecraft:iron_shovel":1,"minecraft:iron_leggings":1,"minecraft:gold_ingot":10,"minecraft:torch":196,"minecraft:lapis_block":12,"minecraft:shears":2}},"DataVersion":2584}