{"stats":{"minecraft:killed":{"minecraft:skeleton":2,"minecraft:pig":3,"minecraft:salmon":3,"minecraft:creeper":1,"minecraft:zombie":3,"minecraft:enderman":1},"minecraft:broken":{"minecraft:shears":1,"minecraft:golden_shovel":1,"minecraft:stone_pickaxe":1,"minecraft:stone_axe":3,"minecraft:iron_pickaxe":1,"minecraft:golden_pickaxe":1,"minecraft:wooden_hoe":1,"minecraft:stone_shovel":2},"minecraft:picked_up":{"quark:crimson_chest":2,"minecraft:wheat":166,"minecraft:crafting_table":2,"minecraft:ladder":46,"minecraft:clay_ball":160,"minecraft:golden_pickaxe":2,"minecraft:brown_mushroom":12,"minecraft:gold_block":1,"minecraft:enchanted_book":2,"minecraft:golden_shovel":2,"minecraft:brewing_stand":1,"minecraft:compass":1,"ars_nouveau:mana_gem":6,"minecraft:oak_sign":1,"minecraft:cartography_table":3,"minecraft:gold_nugget":3,"minecraft:dark_prismarine_stairs":16,"minecraft:player_head":2,"minecraft:spruce_slab":1,"minecraft:light_gray_wool":4,"minecraft:sugar_cane":119,"minecraft:chest":2,"minecraft:egg":5,"minecraft:dark_oak_sapling":3,"minecraft:golden_helmet":2,"minecraft:stick":69,"iceandfire:dragonbone":8,"minecraft:oak_door":1,"minecraft:oak_fence":3,"minecraft:torch":39,"minecraft:spruce_stairs":6,"iceandfire:silver_ore":4,"minecraft:fire_charge":1,"minecraft:porkchop":4,"minecraft:golden_axe":2,"minecraft:diorite":1,"minecraft:redstone":181,"minecraft:brown_carpet":9,"minecraft:arrow":3,"minecraft:rotten_flesh":8,"ars_nouveau:worn_notebook":2,"minecraft:hay_block":17,"minecraft:obsidian":8,"minecraft:iron_bars":2,"minecraft:white_wool":4,"minecraft:cobblestone":1206,"minecraft:oxeye_daisy":32,"minecraft:enchanting_table":1,"minecraft:magma_block":12,"minecraft:feather":2,"minecraft:golden_carrot":7,"minecraft:salmon":3,"biomesoplenty:goldenrod":26,"woodcutter:woodcutter":3,"minecraft:potato":186,"minecraft:filled_map":1,"minecraft:flint":15,"minecraft:oak_log":118,"minecraft:paper":22,"minecraft:lapis_lazuli":22,"minecraft:dirt":450,"minecraft:bone":6,"minecraft:red_carpet":2,"minecraft:apple":44,"minecraft:stone_bricks":2,"minecraft:wheat_seeds":525,"quark:tallow":8,"minecraft:iron_ore":56,"minecraft:mossy_stone_bricks":1,"quark:apple_crate":3,"minecraft:oak_planks":12,"minecraft:book":18,"minecraft:polished_andesite_stairs":2,"iceandfire:dragon_skull_fire":2,"minecraft:dandelion":21,"minecraft:gravel":117,"minecraft:sand":1,"minecraft:spruce_sapling":3,"minecraft:spruce_log":31,"minecraft:gold_ore":7,"minecraft:crying_obsidian":1,"quark:oak_chest":6,"minecraft:dark_oak_log":11,"alexsmobs:animal_dictionary":1,"minecraft:dark_prismarine":10,"minecraft:iron_hoe":1,"minecraft:diamond":8,"minecraft:bone_meal":1,"minecraft:bread":10,"minecraft:oak_sapling":144,"minecraft:netherrack":8,"minecraft:coal":136,"minecraft:oak_leaves":372,"minecraft:ender_pearl":1},"minecraft:used":{"minecraft:oak_fence":31,"minecraft:enchanting_table":2,"minecraft:iron_shovel":260,"minecraft:spruce_slab":10,"minecraft:stone_shovel":283,"minecraft:ladder":25,"minecraft:oak_sign":1,"minecraft:chest":2,"minecraft:shield":2,"minecraft:wooden_shovel":56,"minecraft:cooked_salmon":3,"minecraft:netherrack":6,"minecraft:oak_door":2,"minecraft:torch":95,"minecraft:brewing_stand":1,"minecraft:dirt":139,"minecraft:hopper":2,"minecraft:spruce_stairs":46,"minecraft:golden_shovel":83,"minecraft:obsidian":3,"minecraft:iron_hoe":171,"minecraft:bookshelf":5,"minecraft:iron_axe":403,"minecraft:oak_stairs":3,"minecraft:stone_bricks":2,"minecraft:magma_block":1,"minecraft:oak_sapling":68,"minecraft:furnace":1,"minecraft:potato":36,"minecraft:dark_prismarine_stairs":6,"minecraft:golden_axe":15,"minecraft:wheat_seeds":49,"minecraft:water_bucket":26,"minecraft:mossy_stone_bricks":1,"minecraft:baked_potato":13,"minecraft:oak_planks":25,"minecraft:stone_pickaxe":131,"minecraft:cartography_table":2,"minecraft:sugar_cane":12,"woodcutter:woodcutter":5,"minecraft:oak_leaves":205,"biomesoplenty:goldenrod":3,"minecraft:oak_slab":9,"minecraft:crafting_table":6,"minecraft:spruce_log":6,"minecraft:shears":378,"decorative_blocks:chandelier":1,"minecraft:oak_log":71,"minecraft:wooden_hoe":59,"minecraft:diamond_pickaxe":386,"minecraft:crying_obsidian":1,"minecraft:dark_oak_log":4,"minecraft:iron_pickaxe":999,"minecraft:map":2,"minecraft:bread":11,"quark:potato_crate":7,"quark:crimson_chest":2,"minecraft:stone_axe":377,"quark:apple_crate":7,"minecraft:cobblestone":422,"iceandfire:dragon_skull_fire":2,"minecraft:grindstone":1,"minecraft:cooked_porkchop":4,"minecraft:bucket":30,"minecraft:dandelion":3,"quark:oak_chest":6,"minecraft:golden_pickaxe":64,"minecraft:splash_potion":1,"minecraft:bone_meal":1},"minecraft:custom":{"minecraft:mob_kills":13,"minecraft:inspect_hopper":23,"minecraft:interact_with_crafting_table":37,"minecraft:leave_game":6,"minecraft:time_since_death":288183,"minecraft:climb_one_cm":51755,"minecraft:sprint_one_cm":882006,"minecraft:walk_one_cm":1187371,"minecraft:damage_blocked_by_shield":80,"minecraft:talked_to_villager":8,"minecraft:sneak_time":7987,"minecraft:walk_under_water_one_cm":29939,"minecraft:interact_with_brewingstand":2,"minecraft:jump":1622,"minecraft:walk_on_water_one_cm":71814,"minecraft:enchant_item":1,"minecraft:interact_with_furnace":67,"minecraft:interact_with_cartography_table":5,"minecraft:play_one_minute":288183,"minecraft:interact_with_grindstone":1,"minecraft:sleep_in_bed":15,"minecraft:time_since_rest":11522,"minecraft:waystone_activated":2,"minecraft:damage_taken":639,"minecraft:damage_dealt":1974,"minecraft:swim_one_cm":78798,"minecraft:fly_one_cm":200230,"minecraft:open_chest":218,"minecraft:crouch_one_cm":15915,"minecraft:fall_one_cm":26631},"minecraft:mined":{"minecraft:dark_prismarine_stairs":16,"minecraft:dark_prismarine":10,"minecraft:diamond_ore":8,"minecraft:crying_obsidian":1,"minecraft:red_carpet":2,"minecraft:oak_sapling":20,"iceandfire:silver_ore":4,"minecraft:dark_oak_leaves":4,"minecraft:oak_door":1,"minecraft:dark_oak_log":11,"minecraft:brewing_stand":1,"minecraft:obsidian":10,"minecraft:ladder":49,"minecraft:grass_block":383,"minecraft:spruce_leaves":1,"minecraft:cartography_table":2,"minecraft:oxeye_daisy":18,"minecraft:oak_wall_sign":1,"minecraft:hay_block":5,"minecraft:magma_block":12,"minecraft:redstone_ore":40,"minecraft:iron_ore":56,"minecraft:enchanting_table":1,"minecraft:gold_block":1,"minecraft:bookshelf":6,"minecraft:potatoes":1,"minecraft:vine":1,"minecraft:iron_bars":2,"biomesoplenty:barley":7,"minecraft:stone":1135,"minecraft:spruce_slab":1,"minecraft:podzol":1,"minecraft:brown_mushroom":7,"quark:oak_chest":6,"minecraft:brown_carpet":9,"minecraft:dandelion":14,"minecraft:clay":40,"minecraft:oak_fence":3,"minecraft:crafting_table":2,"minecraft:torch":7,"minecraft:polished_andesite_stairs":2,"minecraft:chest":2,"minecraft:tall_grass":42,"minecraft:cobblestone":85,"minecraft:lapis_ore":4,"minecraft:oak_planks":12,"minecraft:sugar_cane":60,"minecraft:diorite":1,"minecraft:wall_torch":24,"biomesoplenty:goldenrod":25,"minecraft:spruce_stairs":6,"woodcutter:woodcutter":3,"quark:apple_crate":3,"minecraft:wheat":4,"minecraft:spruce_log":31,"minecraft:grass_path":3,"minecraft:grass":756,"minecraft:oak_log":121,"minecraft:coal_ore":136,"minecraft:gravel":132,"minecraft:sand":1,"minecraft:dirt":62,"minecraft:stone_bricks":2,"quark:crimson_chest":2,"ars_nouveau:arcane_ore":6,"minecraft:netherrack":8,"minecraft:gold_ore":7,"minecraft:mossy_stone_bricks":1,"minecraft:oak_leaves":1202},"minecraft:crafted":{"minecraft:grindstone":1,"minecraft:oak_planks":24,"minecraft:stone_shovel":2,"minecraft:furnace":1,"minecraft:stone":57,"decorative_blocks:chandelier":2,"minecraft:bookshelf":5,"minecraft:hopper":2,"minecraft:iron_boots":1,"minecraft:iron_axe":2,"minecraft:iron_hoe":1,"minecraft:stone_pickaxe":1,"woodcutter:woodcutter":2,"minecraft:wooden_shovel":1,"quark:apple_crate":4,"iceandfire:silver_ingot":4,"minecraft:cooked_porkchop":4,"quark:potato_crate":7,"quark:stick_block":7,"minecraft:crafting_table":4,"minecraft:enchanting_table":1,"minecraft:baked_potato":60,"minecraft:cooked_salmon":3,"minecraft:bucket":2,"minecraft:hay_block":7,"minecraft:stone_axe":3,"minecraft:air":0,"minecraft:cartography_table":1,"minecraft:diamond_pickaxe":1,"minecraft:wooden_hoe":1,"minecraft:paper":30,"minecraft:shield":1,"minecraft:stick":64,"minecraft:stone_slab":6,"quark:oak_chest":2,"minecraft:iron_ingot":49,"minecraft:iron_pickaxe":4,"minecraft:iron_shovel":1,"minecraft:iron_leggings":1,"minecraft:gold_ingot":10,"minecraft:torch":112,"minecraft:shears":2}},"DataVersion":2584}