{"stats":{"minecraft:used":{"minecraft:water_bucket":2,"minecraft:stone_sword":11,"minecraft:stone_shovel":132,"minecraft:stone_pickaxe":379,"minecraft:ladder":9,"minecraft:chest":1,"minecraft:torch":53,"minecraft:dirt":34,"minecraft:oak_log":27,"minecraft:dark_prismarine":3,"minecraft:diamond_pickaxe":154,"minecraft:apple":1,"minecraft:iron_pickaxe":212,"minecraft:map":1,"minecraft:stone_axe":144,"minecraft:cobblestone":294,"minecraft:sweet_berries":1,"minecraft:furnace":1,"minecraft:cooked_porkchop":4,"minecraft:bucket":2,"quark:oak_chest":1},"minecraft:killed":{"minecraft:skeleton":1,"minecraft:zombie":1,"minecraft:silverfish":1,"minecraft:enderman":2},"minecraft:killed_by":{"minecraft:enderman":2},"minecraft:mined":{"minecraft:dark_prismarine_stairs":6,"minecraft:dark_prismarine":3,"minecraft:diamond_ore":5,"biomesoplenty:watergrass":1,"iceandfire:silver_ore":6,"ars_nouveau:mana_berry_bush":1,"minecraft:clay":6,"minecraft:torch":1,"minecraft:ladder":27,"minecraft:emerald_ore":1,"minecraft:grass_block":65,"minecraft:polished_andesite_stairs":2,"quark:stone_speleothem":1,"minecraft:chest":1,"minecraft:tall_grass":327,"minecraft:cobblestone":17,"minecraft:wall_torch":12,"minecraft:redstone_ore":2,"variant16x:infested_andesite":1,"iceandfire:copper_ore":6,"minecraft:iron_ore":27,"minecraft:sweet_berry_bush":14,"minecraft:grass":19,"minecraft:coal_ore":155,"minecraft:oak_log":65,"minecraft:dirt":64,"minecraft:stripped_oak_log":10,"ars_nouveau:arcane_ore":4,"minecraft:stone":490,"minecraft:gold_ore":6,"minecraft:oak_leaves":8,"biomesoplenty:willow_leaves":4,"quark:root":2},"minecraft:custom":{"minecraft:interact_with_furnace":12,"minecraft:mob_kills":5,"minecraft:play_one_minute":94211,"minecraft:leave_game":3,"minecraft:time_since_death":57108,"minecraft:climb_one_cm":22797,"minecraft:time_since_rest":57132,"minecraft:waystone_activated":1,"minecraft:sprint_one_cm":85082,"minecraft:damage_taken":910,"minecraft:walk_one_cm":273476,"minecraft:damage_dealt":1192,"minecraft:swim_one_cm":2121,"minecraft:fly_one_cm":20526,"minecraft:open_chest":31,"minecraft:crouch_one_cm":2926,"minecraft:deaths":2,"minecraft:sneak_time":3026,"minecraft:walk_under_water_one_cm":68943,"minecraft:jump":384,"minecraft:walk_on_water_one_cm":38344,"minecraft:fall_one_cm":6772},"minecraft:picked_up":{"minecraft:stripped_oak_log":10,"minecraft:feather":8,"minecraft:clay_ball":24,"minecraft:ladder":27,"iceandfire:copper_ore":10,"minecraft:enchanted_book":1,"minecraft:oak_log":65,"minecraft:dirt":125,"minecraft:compass":1,"ars_nouveau:mana_gem":4,"minecraft:apple":1,"minecraft:wheat_seeds":38,"minecraft:gold_nugget":2,"minecraft:dark_prismarine_stairs":12,"minecraft:iron_ore":27,"quark:root_item":1,"minecraft:chest":1,"minecraft:egg":1,"minecraft:polished_andesite_stairs":2,"minecraft:stick":3,"minecraft:sweet_berries":65,"minecraft:torch":20,"iceandfire:silver_ore":6,"minecraft:redstone":9,"minecraft:gold_ore":6,"alexsmobs:animal_dictionary":1,"minecraft:dark_prismarine":3,"minecraft:arrow":2,"minecraft:rotten_flesh":3,"minecraft:diamond":5,"biomesoplenty:willow_sapling":1,"ars_nouveau:worn_notebook":2,"minecraft:emerald":2,"minecraft:oak_sapling":7,"minecraft:ender_pearl":2,"minecraft:coal":154,"minecraft:cobblestone":508,"ars_nouveau:mana_berry":4},"minecraft:crafted":{"iceandfire:copper_ingot":6,"minecraft:oak_planks":40,"iceandfire:silver_ingot":6,"minecraft:iron_nugget":1,"minecraft:crafting_table":1,"minecraft:furnace":1,"minecraft:bucket":1,"minecraft:air":0,"minecraft:diamond_pickaxe":1,"minecraft:stick":20,"quark:oak_chest":1,"minecraft:iron_ingot":20,"minecraft:iron_pickaxe":1,"minecraft:torch":76}},"DataVersion":2584}