{"stats":{"minecraft:killed_by":{"minecraft:enderman":2,"alexsmobs:crocodile":5,"minecraft:zombie":2},"minecraft:custom":{"minecraft:mob_kills":58,"minecraft:inspect_hopper":4,"minecraft:interact_with_crafting_table":2,"minecraft:open_barrel":19,"minecraft:leave_game":6,"minecraft:time_since_death":35534,"minecraft:climb_one_cm":50124,"minecraft:sprint_one_cm":688264,"minecraft:walk_one_cm":957723,"minecraft:talked_to_villager":3,"minecraft:sneak_time":7720,"minecraft:deaths":9,"minecraft:walk_under_water_one_cm":206320,"minecraft:jump":1711,"minecraft:walk_on_water_one_cm":84253,"minecraft:interact_with_furnace":38,"minecraft:play_one_minute":289715,"minecraft:sleep_in_bed":6,"minecraft:time_since_rest":70,"minecraft:waystone_activated":3,"minecraft:damage_taken":4128,"minecraft:damage_dealt":11080,"minecraft:swim_one_cm":48270,"minecraft:fly_one_cm":162537,"minecraft:open_chest":184,"minecraft:crouch_one_cm":14898,"minecraft:interact_with_smoker":1,"minecraft:fall_one_cm":27357},"minecraft:mined":{"minecraft:dark_prismarine_stairs":14,"minecraft:dark_prismarine":8,"minecraft:diamond_ore":8,"biomesoplenty:willow_sapling":7,"biomesoplenty:watergrass":3,"minecraft:white_bed":2,"iceandfire:silver_ore":8,"minecraft:dark_oak_leaves":14,"minecraft:obsidian":1,"minecraft:spruce_trapdoor":2,"minecraft:ladder":52,"minecraft:grass_block":95,"minecraft:spruce_leaves":18,"minecraft:kelp":4,"biomesoplenty:willow_planks":1,"minecraft:spawner":4,"minecraft:large_fern":5,"biomesoplenty:mud_bricks":12,"minecraft:magma_block":1,"minecraft:redstone_ore":21,"minecraft:mossy_cobblestone_slab":3,"minecraft:furnace":1,"iceandfire:copper_ore":6,"variant16x:infested_andesite":1,"minecraft:dark_oak_trapdoor":2,"minecraft:iron_ore":88,"biomesoplenty:willow_vine":1,"minecraft:gold_block":6,"minecraft:cobblestone_slab":2,"minecraft:vine":8,"minecraft:stripped_oak_log":10,"minecraft:stone":957,"minecraft:spruce_slab":12,"biomesoplenty:willow_leaves":92,"minecraft:kelp_plant":18,"ars_nouveau:mana_berry_bush":2,"minecraft:clay":7,"minecraft:torch":4,"minecraft:emerald_ore":2,"minecraft:polished_andesite_stairs":4,"quark:stone_speleothem":3,"minecraft:chest":2,"minecraft:tall_grass":424,"minecraft:cobblestone":135,"minecraft:lapis_ore":7,"biomesoplenty:willow_log":73,"minecraft:wall_torch":31,"minecraft:spruce_stairs":15,"minecraft:sweet_berry_bush":18,"minecraft:spruce_log":69,"minecraft:grass_path":1,"biomesoplenty:mud":45,"minecraft:grass":124,"minecraft:oak_log":86,"minecraft:coal_ore":198,"variant16x:infested_granite":5,"minecraft:gravel":59,"minecraft:dirt":112,"quark:crimson_chest":3,"ars_nouveau:arcane_ore":4,"minecraft:netherrack":1,"minecraft:gold_ore":15,"minecraft:fern":2,"minecraft:oak_leaves":103,"minecraft:infested_stone":3,"quark:root":2},"minecraft:crafted":{"minecraft:oak_planks":44,"minecraft:coal":162,"minecraft:iron_nugget":1,"minecraft:furnace":3,"minecraft:stone":6,"minecraft:lever":2,"decorative_blocks:chandelier":1,"minecraft:hopper":4,"minecraft:redstone_block":12,"minecraft:coal_block":20,"iceandfire:copper_ingot":6,"iceandfire:silver_ingot":6,"minecraft:crafting_table":2,"biomesoplenty:mud_bricks":44,"minecraft:bucket":1,"biomesoplenty:willow_planks":40,"minecraft:air":0,"iceandfire:armor_silver_metal_helmet":1,"minecraft:diamond_pickaxe":1,"quark:oak_chest":9,"minecraft:stick":28,"minecraft:stone_slab":6,"minecraft:iron_ingot":23,"minecraft:iron_pickaxe":1,"minecraft:gold_ingot":64,"minecraft:torch":108},"minecraft:used":{"minecraft:stone_sword":179,"minecraft:spruce_slab":31,"minecraft:stone_shovel":373,"minecraft:ladder":22,"minecraft:spruce_planks":16,"minecraft:chest":3,"minecraft:netherrack":1,"minecraft:torch":127,"minecraft:soul_sand":1,"minecraft:dirt":249,"minecraft:hopper":4,"minecraft:spruce_stairs":201,"minecraft:obsidian":1,"minecraft:iron_axe":209,"biomesoplenty:mud_bricks":56,"minecraft:magma_block":1,"minecraft:sweet_berries":1,"minecraft:furnace":3,"minecraft:brown_bed":1,"minecraft:water_bucket":14,"biomesoplenty:willow_log":41,"minecraft:stone_pickaxe":381,"biomesoplenty:willow_planks":37,"biomesoplenty:willow_sapling":12,"minecraft:crafting_table":1,"minecraft:white_bed":2,"decorative_blocks:chandelier":1,"minecraft:spruce_log":3,"minecraft:oak_log":27,"minecraft:dark_prismarine":7,"minecraft:lever":4,"minecraft:diamond_pickaxe":954,"minecraft:apple":1,"minecraft:bread":32,"minecraft:iron_pickaxe":212,"minecraft:map":2,"quark:crimson_chest":2,"quark:root_item":1,"minecraft:stone_axe":405,"minecraft:cobblestone":680,"minecraft:white_banner":1,"minecraft:cooked_porkchop":8,"minecraft:bucket":16,"quark:oak_chest":5,"minecraft:kelp":55},"minecraft:broken":{"minecraft:stone_axe":1},"minecraft:picked_up":{"quark:crimson_chest":4,"minecraft:crafting_table":1,"iceandfire:copper_ore":10,"minecraft:ladder":49,"minecraft:clay_ball":28,"minecraft:brown_bed":1,"minecraft:gold_block":6,"minecraft:enchanted_book":4,"minecraft:dark_oak_trapdoor":2,"minecraft:string":8,"minecraft:flint_and_steel":3,"minecraft:compass":1,"ars_nouveau:mana_gem":4,"biomesoplenty:willow_planks":1,"minecraft:gold_nugget":3,"minecraft:bucket":1,"minecraft:dark_prismarine_stairs":28,"minecraft:cobblestone_slab":2,"minecraft:iron_nugget":32,"quark:root_item":1,"minecraft:spruce_slab":13,"minecraft:chest":4,"minecraft:furnace":1,"minecraft:spruce_trapdoor":2,"minecraft:egg":1,"minecraft:dark_oak_sapling":2,"minecraft:stick":67,"minecraft:torch":139,"minecraft:music_disc_mellohi":1,"minecraft:spruce_stairs":16,"iceandfire:silver_ore":8,"biomesoplenty:mud_bricks":12,"minecraft:carrot":38,"minecraft:redstone":95,"minecraft:golden_chestplate":1,"alexsmobs:crocodile_scute":1,"minecraft:stone_sword":2,"minecraft:rotten_flesh":33,"minecraft:arrow":5,"minecraft:stone_shovel":1,"minecraft:golden_hoe":1,"biomesoplenty:willow_sapling":65,"ars_nouveau:worn_notebook":2,"minecraft:gold_ingot":23,"minecraft:obsidian":3,"minecraft:cod":4,"minecraft:cobblestone":1087,"minecraft:stripped_oak_log":10,"minecraft:magma_block":1,"minecraft:mossy_cobblestone_slab":2,"minecraft:feather":11,"minecraft:water_bucket":1,"minecraft:golden_leggings":1,"minecraft:potato":2,"minecraft:filled_map":1,"minecraft:flint":13,"minecraft:oak_log":86,"minecraft:golden_boots":1,"minecraft:gunpowder":3,"minecraft:lapis_lazuli":47,"minecraft:dirt":299,"minecraft:white_banner":1,"minecraft:name_tag":1,"minecraft:bone":3,"minecraft:apple":1,"minecraft:kelp":185,"minecraft:wheat_seeds":65,"minecraft:cobweb":9,"astral:snowberry":31,"minecraft:iron_ore":145,"minecraft:iron_sword":1,"minecraft:polished_andesite_stairs":4,"minecraft:sweet_berries":70,"minecraft:gravel":55,"minecraft:spruce_sapling":34,"minecraft:spruce_log":69,"minecraft:white_bed":2,"minecraft:grass_block":2,"minecraft:gold_ore":23,"alexsmobs:animal_dictionary":2,"minecraft:spider_eye":3,"minecraft:dark_prismarine":9,"biomesoplenty:willow_log":72,"minecraft:diamond":10,"waystones:waystone":2,"minecraft:lever":2,"minecraft:golden_apple":1,"biomesoplenty:mud_ball":180,"minecraft:emerald":3,"minecraft:bread":30,"minecraft:oak_sapling":19,"minecraft:netherrack":1,"minecraft:diamond_pickaxe":1,"minecraft:coal":218,"minecraft:ender_pearl":4,"ars_nouveau:mana_berry":28},"minecraft:killed":{"minecraft:vex":1,"minecraft:cave_spider":3,"minecraft:spider":2,"minecraft:skeleton":4,"minecraft:silverfish":5,"minecraft:zombie_villager":2,"minecraft:creeper":2,"minecraft:pillager":3,"alexsmobs:crocodile":4,"minecraft:zombie":27,"minecraft:enderman":3}},"DataVersion":2584}