{"stats":{"minecraft:killed_by":{"alexsmobs:crocodile":5,"minecraft:skeleton":1,"guardvillagers:guard":1},"minecraft:custom":{"minecraft:mob_kills":27,"minecraft:interact_with_crafting_table":26,"minecraft:open_barrel":13,"minecraft:leave_game":3,"minecraft:time_since_death":188397,"minecraft:climb_one_cm":45640,"minecraft:sprint_one_cm":297961,"minecraft:walk_one_cm":994506,"minecraft:damage_blocked_by_shield":40,"minecraft:drop":1,"minecraft:talked_to_villager":1,"minecraft:deaths":8,"minecraft:sneak_time":1178,"minecraft:walk_under_water_one_cm":120418,"minecraft:jump":1633,"minecraft:walk_on_water_one_cm":64919,"minecraft:interact_with_furnace":14,"minecraft:play_one_minute":261189,"minecraft:sleep_in_bed":10,"minecraft:time_since_rest":107,"minecraft:waystone_activated":2,"minecraft:damage_taken":3323,"minecraft:damage_dealt":3590,"minecraft:swim_one_cm":13398,"minecraft:fly_one_cm":30096,"minecraft:open_chest":62,"minecraft:crouch_one_cm":156,"minecraft:fall_one_cm":16817},"minecraft:dropped":{"minecraft:stone_sword":1},"minecraft:mined":{"minecraft:dark_prismarine_stairs":6,"minecraft:dark_prismarine":3,"minecraft:diamond_ore":6,"minecraft:white_bed":2,"iceandfire:silver_ore":21,"minecraft:ladder":12,"minecraft:grass_block":3,"minecraft:spruce_leaves":43,"minecraft:redstone_ore":14,"variant16x:infested_andesite":2,"minecraft:iron_ore":136,"minecraft:pumpkin":1,"minecraft:brown_bed":1,"minecraft:stone":734,"variant16x:spruce_wood_stairs":12,"minecraft:spruce_slab":5,"minecraft:kelp_plant":1,"minecraft:oak_fence":1,"minecraft:torch":1,"minecraft:emerald_ore":3,"quark:stone_speleothem":10,"minecraft:chest":3,"minecraft:tall_grass":5,"minecraft:cobblestone":31,"minecraft:lapis_ore":17,"biomesoplenty:willow_log":10,"minecraft:wall_torch":4,"minecraft:spruce_stairs":2,"minecraft:sweet_berry_bush":1,"minecraft:spruce_log":76,"minecraft:grass_path":2,"minecraft:grass":12,"minecraft:coal_ore":359,"minecraft:oak_log":15,"minecraft:gravel":118,"minecraft:dirt":41,"ars_nouveau:arcane_ore":16,"minecraft:oak_leaves":50,"minecraft:fern":1,"minecraft:infested_stone":8,"quark:root":2},"minecraft:crafted":{"minecraft:oak_planks":52,"minecraft:barrel":2,"variant16x_biomesoplenty:willow_wood_pressure_plate":1,"minecraft:furnace":1,"decorative_blocks:chandelier":1,"iceandfire:armor_silver_metal_chestplate":1,"minecraft:spruce_stairs":128,"minecraft:bow":1,"iceandfire:armor_silver_metal_leggings":1,"minecraft:spruce_slab":24,"quark:spruce_chest":2,"woodcutter:woodcutter":1,"minecraft:arrow":16,"iceandfire:silver_ingot":21,"minecraft:crafting_table":1,"minecraft:iron_sword":1,"minecraft:bucket":1,"minecraft:air":0,"iceandfire:armor_silver_metal_helmet":1,"minecraft:diamond_pickaxe":1,"minecraft:shield":1,"minecraft:stick":80,"minecraft:iron_pickaxe":2,"minecraft:iron_ingot":38,"variant16x:spruce_wood_stairs":4,"minecraft:torch":124},"minecraft:used":{"variant16x_biomesoplenty:willow_wood_pressure_plate":1,"minecraft:oak_fence":17,"minecraft:stone_sword":2,"minecraft:spruce_slab":25,"minecraft:stone_shovel":213,"minecraft:ladder":8,"minecraft:spruce_planks":2,"minecraft:chest":2,"minecraft:shield":1,"minecraft:iron_sword":87,"variant16x:spruce_wood_stairs":12,"minecraft:oak_door":2,"minecraft:torch":74,"minecraft:dirt":12,"quark:spruce_chest":2,"minecraft:barrel":2,"minecraft:sweet_berries":6,"minecraft:furnace":1,"minecraft:oak_sapling":5,"biomesoplenty:willow_log":8,"minecraft:stone_pickaxe":305,"biomesoplenty:willow_sapling":2,"woodcutter:woodcutter":1,"minecraft:crafting_table":1,"minecraft:white_bed":2,"decorative_blocks:chandelier":1,"minecraft:oak_log":2,"minecraft:diamond_pickaxe":660,"minecraft:bread":21,"minecraft:iron_pickaxe":418,"quark:root_item":1,"minecraft:spruce_sapling":17,"minecraft:gravel":84,"minecraft:stone_axe":217,"minecraft:cobblestone":478,"minecraft:cooked_porkchop":1,"minecraft:bucket":1},"minecraft:picked_up":{"minecraft:crafting_table":1,"minecraft:azure_bluet":4,"minecraft:ladder":15,"minecraft:clay_ball":50,"minecraft:brown_bed":1,"minecraft:string":4,"minecraft:compass":2,"ars_nouveau:mana_gem":16,"minecraft:blue_orchid":14,"minecraft:gold_nugget":5,"minecraft:bucket":1,"minecraft:dark_prismarine_stairs":12,"minecraft:iron_nugget":4,"quark:root_item":1,"minecraft:spruce_slab":5,"minecraft:chest":4,"minecraft:stick":21,"minecraft:oak_fence":1,"minecraft:torch":136,"iceandfire:silver_ore":21,"minecraft:spruce_stairs":2,"minecraft:vine":8,"minecraft:redstone":60,"minecraft:golden_chestplate":1,"minecraft:stone_sword":6,"minecraft:arrow":2,"minecraft:stone_shovel":4,"minecraft:rotten_flesh":3,"biomesoplenty:willow_sapling":4,"ars_nouveau:worn_notebook":5,"minecraft:mutton":4,"minecraft:cobblestone":777,"minecraft:feather":4,"minecraft:water_bucket":1,"minecraft:golden_leggings":1,"minecraft:filled_map":1,"minecraft:flint":11,"minecraft:oak_log":15,"minecraft:golden_boots":1,"minecraft:map":1,"minecraft:lapis_lazuli":122,"minecraft:dirt":106,"minecraft:bone":5,"minecraft:apple":1,"minecraft:stone_pickaxe":4,"minecraft:iron_ore":175,"biomesoplenty:toadstool":1,"minecraft:cooked_porkchop":124,"minecraft:pumpkin":3,"minecraft:sweet_berries":67,"minecraft:gravel":109,"minecraft:spruce_sapling":17,"minecraft:white_bed":3,"minecraft:spruce_log":74,"minecraft:spider_eye":2,"alexsmobs:animal_dictionary":3,"minecraft:dark_prismarine":6,"minecraft:slime_ball":2,"biomesoplenty:willow_log":10,"minecraft:diamond":12,"minecraft:stone_axe":3,"variant16x:spruce_wood_stairs":16,"minecraft:gray_wool":4,"minecraft:bread":36,"minecraft:emerald":27,"minecraft:oak_sapling":9,"minecraft:coal":417,"minecraft:ender_pearl":1,"minecraft:diamond_pickaxe":1},"minecraft:killed":{"minecraft:spider":4,"minecraft:skeleton":3,"minecraft:silverfish":12,"minecraft:zombie":8}},"DataVersion":2584}