{"stats":{"minecraft:killed":{"minecraft:spider":5,"minecraft:skeleton":9,"minecraft:silverfish":3,"minecraft:pig":3,"minecraft:salmon":3,"minecraft:creeper":3,"minecraft:sheep":3,"minecraft:zombie":40,"minecraft:vex":2,"minecraft:horse":8,"iceandfire:ghost":3,"minecraft:wither_skeleton":3,"minecraft:enderman":4},"minecraft:broken":{"minecraft:shears":1,"minecraft:golden_shovel":1,"minecraft:stone_pickaxe":1,"minecraft:stone_axe":5,"minecraft:iron_sword":1,"minecraft:stone_shovel":2,"minecraft:iron_axe":1,"minecraft:iron_pickaxe":2,"minecraft:golden_pickaxe":1,"minecraft:wooden_hoe":1},"minecraft:picked_up":{"minecraft:wheat":308,"minecraft:redstone_block":71,"minecraft:stone_slab":5,"minecraft:wither_rose":4,"minecraft:enchanted_book":4,"minecraft:golden_shovel":2,"minecraft:brewing_stand":1,"iceandfire:manuscript":10,"minecraft:string":12,"minecraft:dark_oak_trapdoor":4,"minecraft:soul_soil":14,"minecraft:armor_stand":1,"ars_nouveau:mana_gem":13,"minecraft:oak_sign":1,"minecraft:gold_nugget":16,"minecraft:redstone_torch":4,"minecraft:cobblestone_slab":9,"quark:root_item":2,"minecraft:coal_block":47,"wstweaks:fragment":3,"minecraft:dark_oak_door":2,"minecraft:golden_helmet":2,"minecraft:stick":106,"iceandfire:ghost_chest":1,"minecraft:oak_fence":30,"minecraft:torch":73,"minecraft:spruce_stairs":7,"iceandfire:silver_ore":19,"minecraft:porkchop":4,"minecraft:golden_axe":2,"iceandfire:rotten_egg":1,"minecraft:diorite":1,"minecraft:golden_chestplate":1,"minecraft:brown_carpet":14,"minecraft:rotten_flesh":42,"ars_nouveau:worn_notebook":2,"minecraft:leather_horse_armor":1,"minecraft:obsidian":13,"minecraft:iron_bars":8,"minecraft:cobblestone":3333,"biomesoplenty:lavender":1,"minecraft:enchanting_table":1,"minecraft:leather_chestplate":1,"minecraft:magma_block":23,"minecraft:mossy_cobblestone_slab":8,"minecraft:feather":4,"woodcutter:woodcutter":3,"minecraft:golden_leggings":1,"minecraft:potato":333,"minecraft:flint":25,"minecraft:lapis_lazuli":173,"minecraft:dirt":848,"minecraft:bone":15,"minecraft:stonecutter":1,"minecraft:wheat_seeds":796,"minecraft:dark_oak_sign":4,"minecraft:mossy_stone_bricks":1,"minecraft:glowstone_dust":159,"quark:apple_crate":3,"minecraft:oak_planks":24,"minecraft:poisonous_potato":1,"iceandfire:dragon_skull_fire":2,"minecraft:sand":5,"minecraft:grass_block":2,"minecraft:dark_oak_log":11,"alexsmobs:animal_dictionary":1,"minecraft:mossy_cobblestone":1,"minecraft:dark_prismarine":37,"minecraft:iron_hoe":2,"minecraft:diamond":28,"minecraft:bone_meal":1,"minecraft:golden_apple":2,"minecraft:bread":10,"minecraft:emerald":2,"minecraft:chainmail_helmet":1,"minecraft:oak_sapling":191,"minecraft:netherrack":66,"minecraft:oak_leaves":372,"quark:crimson_chest":2,"iceandfire:copper_ingot":2,"biomesoplenty:redwood_log":144,"minecraft:crafting_table":3,"iceandfire:witherbone":2,"minecraft:ladder":141,"minecraft:clay_ball":328,"biomesoplenty:flesh":6,"minecraft:golden_pickaxe":2,"minecraft:brown_mushroom":13,"minecraft:gold_block":14,"minecraft:chain":6,"minecraft:compass":1,"minecraft:cartography_table":3,"minecraft:dark_prismarine_stairs":65,"minecraft:player_head":5,"minecraft:iron_nugget":6,"minecraft:spruce_slab":4,"minecraft:light_gray_wool":4,"minecraft:sugar_cane":238,"minecraft:chest":5,"minecraft:egg":21,"minecraft:dark_oak_sapling":7,"storagedrawers:oak_trim":4,"iceandfire:dragonbone":16,"minecraft:stone":238,"minecraft:oak_door":1,"minecraft:fire_charge":2,"minecraft:redstone":663,"minecraft:arrow":11,"minecraft:hay_block":17,"minecraft:gold_ingot":13,"biomesoplenty:redwood_sapling":18,"minecraft:mutton":5,"minecraft:white_wool":7,"minecraft:skeleton_skull":1,"minecraft:rail":8,"minecraft:bone_block":14,"minecraft:oxeye_daisy":33,"minecraft:golden_carrot":7,"minecraft:salmon":3,"biomesoplenty:goldenrod":36,"minecraft:leather":12,"minecraft:red_mushroom":4,"minecraft:filled_map":1,"minecraft:crimson_fungus":2,"minecraft:oak_log":204,"iceandfire:ectoplasm":2,"minecraft:yellow_bed":2,"minecraft:gunpowder":4,"minecraft:cobblestone_stairs":2,"minecraft:paper":22,"minecraft:red_carpet":2,"minecraft:apple":51,"minecraft:stone_bricks":3,"minecraft:warped_stem":9,"quark:tallow":16,"minecraft:iron_ore":181,"minecraft:soul_sand":28,"minecraft:book":27,"minecraft:polished_andesite_stairs":4,"minecraft:warped_fungus":8,"minecraft:dark_oak_slab":2,"minecraft:pumpkin":6,"minecraft:dandelion":21,"minecraft:gravel":236,"minecraft:spruce_sapling":3,"minecraft:white_bed":1,"minecraft:spruce_log":31,"minecraft:gold_ore":34,"minecraft:crying_obsidian":1,"quark:oak_chest":6,"minecraft:leather_helmet":1,"minecraft:painting":1,"minecraft:mossy_cobblestone_stairs":7,"minecraft:warped_roots":11,"minecraft:coal":595,"minecraft:ender_pearl":3},"minecraft:used":{"minecraft:iron_shovel":260,"minecraft:spruce_slab":20,"minecraft:ladder":78,"minecraft:oak_sign":1,"minecraft:chest":2,"minecraft:shield":49,"minecraft:iron_sword":281,"minecraft:player_head":4,"variant16x:obsidian_pressure_plate":1,"minecraft:obsidian":3,"iceandfire:ghost_chest":1,"minecraft:mossy_cobblestone_slab":8,"minecraft:stone_bricks":3,"minecraft:red_carpet":2,"minecraft:bow":29,"minecraft:magma_block":1,"minecraft:brown_carpet":14,"minecraft:oak_sapling":82,"minecraft:furnace":1,"minecraft:beetroot_seeds":5,"minecraft:skeleton_skull":1,"minecraft:egg":5,"minecraft:potato":37,"minecraft:dark_prismarine_stairs":21,"biomesoplenty:flesh":2,"minecraft:mossy_stone_bricks":1,"minecraft:stone_pickaxe":131,"minecraft:oak_planks":60,"minecraft:composter":1,"biomesoplenty:lavender":1,"minecraft:sugar_cane":13,"minecraft:oak_leaves":208,"minecraft:sand":3,"biomesoplenty:goldenrod":3,"minecraft:shears":378,"decorative_blocks:chandelier":1,"minecraft:crying_obsidian":1,"minecraft:dark_oak_log":4,"minecraft:bread":12,"quark:potato_crate":7,"storagedrawers:oak_trim":8,"quark:apple_crate":7,"iceandfire:dragon_skull_fire":2,"minecraft:grindstone":1,"minecraft:bone_meal":25,"minecraft:golden_pickaxe":64,"minecraft:oak_fence":103,"minecraft:flint_and_steel":2,"minecraft:enchanting_table":2,"minecraft:stone_shovel":373,"minecraft:wooden_shovel":56,"minecraft:cooked_salmon":3,"minecraft:netherrack":20,"minecraft:oak_door":2,"minecraft:torch":240,"minecraft:brewing_stand":1,"minecraft:dirt":197,"minecraft:anvil":1,"minecraft:hopper":4,"minecraft:spruce_stairs":113,"minecraft:golden_shovel":83,"biomesoplenty:redwood_log":24,"minecraft:mossy_cobblestone_stairs":1,"minecraft:iron_hoe":222,"minecraft:bookshelf":14,"quark:spruce_chest":2,"minecraft:iron_axe":872,"minecraft:oak_stairs":3,"minecraft:golden_axe":15,"minecraft:wheat_seeds":49,"minecraft:water_bucket":53,"minecraft:cobblestone_stairs":1,"minecraft:baked_potato":67,"minecraft:cartography_table":3,"minecraft:stonecutter":1,"minecraft:cobblestone_slab":4,"woodcutter:woodcutter":5,"minecraft:warped_roots":1,"minecraft:oak_slab":9,"minecraft:crafting_table":8,"minecraft:red_mushroom":2,"minecraft:white_bed":2,"minecraft:spruce_log":6,"minecraft:oak_log":82,"minecraft:wooden_hoe":59,"minecraft:diamond_pickaxe":2768,"minecraft:oxeye_daisy":1,"minecraft:iron_pickaxe":1249,"minecraft:map":2,"quark:crimson_chest":2,"minecraft:stone_axe":643,"quark:dark_oak_chest":1,"minecraft:cobblestone":710,"minecraft:cooked_porkchop":4,"minecraft:bucket":62,"quark:oak_chest":7,"minecraft:yellow_bed":1,"minecraft:dandelion":3,"minecraft:splash_potion":1},"minecraft:dropped":{"minecraft:golden_apple":1},"minecraft:killed_by":{"minecraft:creeper":1,"minecraft:vex":1,"minecraft:enderman":2,"minecraft:skeleton":1},"minecraft:custom":{"minecraft:animals_bred":6,"minecraft:interact_with_crafting_table":73,"minecraft:open_barrel":11,"minecraft:leave_game":15,"minecraft:time_since_death":34218,"minecraft:sprint_one_cm":1876738,"minecraft:damage_blocked_by_shield":2250,"minecraft:drop":1,"minecraft:talked_to_villager":9,"minecraft:deaths":5,"minecraft:jump":3188,"minecraft:interact_with_brewingstand":4,"minecraft:walk_on_water_one_cm":140474,"minecraft:enchant_item":4,"minecraft:interact_with_furnace":99,"minecraft:interact_with_cartography_table":10,"minecraft:play_one_minute":622925,"minecraft:sleep_in_bed":31,"minecraft:waystone_activated":7,"minecraft:damage_dealt":16640,"minecraft:crouch_one_cm":31311,"minecraft:horse_one_cm":987050,"minecraft:interact_with_smithing_table":1,"minecraft:interact_with_anvil":4,"minecraft:mob_kills":93,"minecraft:inspect_hopper":86,"minecraft:climb_one_cm":107628,"minecraft:walk_one_cm":2464736,"minecraft:sneak_time":15684,"minecraft:walk_under_water_one_cm":53327,"minecraft:interact_with_blast_furnace":3,"minecraft:interact_with_grindstone":2,"minecraft:time_since_rest":20235,"minecraft:damage_taken":3668,"minecraft:trigger_trapped_chest":3,"minecraft:swim_one_cm":128023,"minecraft:fly_one_cm":397290,"minecraft:open_chest":501,"minecraft:fall_one_cm":58852},"minecraft:mined":{"minecraft:dark_prismarine_stairs":52,"minecraft:white_bed":1,"minecraft:oak_sapling":23,"minecraft:cobblestone_stairs":2,"minecraft:brewing_stand":1,"minecraft:obsidian":12,"minecraft:grass_block":407,"minecraft:infested_cobblestone":1,"minecraft:soul_soil":15,"minecraft:crimson_fungus":2,"minecraft:oak_wall_sign":1,"minecraft:oxeye_daisy":19,"minecraft:spawner":8,"minecraft:magma_block":12,"minecraft:mossy_cobblestone_slab":8,"minecraft:glowstone":55,"minecraft:mossy_cobblestone_stairs":7,"minecraft:dark_oak_trapdoor":4,"minecraft:iron_ore":180,"minecraft:fire":8,"biomesoplenty:lavender":1,"minecraft:pumpkin":6,"minecraft:enchanting_table":1,"biomesoplenty:redwood_log":154,"minecraft:iron_bars":6,"minecraft:spruce_slab":4,"minecraft:brown_mushroom":8,"minecraft:clay":42,"minecraft:torch":9,"minecraft:polished_andesite_stairs":2,"quark:stone_speleothem":1,"iceandfire:ghost_chest":1,"minecraft:chest":5,"minecraft:cobblestone":97,"minecraft:sugar_cane":147,"minecraft:oak_planks":24,"minecraft:wall_torch":49,"biomesoplenty:goldenrod":40,"minecraft:skeleton_skull":1,"minecraft:chain":5,"minecraft:warped_nylium":42,"woodcutter:woodcutter":3,"minecraft:dark_oak_slab":2,"minecraft:dark_oak_door":2,"minecraft:wheat":9,"minecraft:warped_fungus":8,"minecraft:wither_rose":4,"minecraft:grass":976,"minecraft:oak_log":188,"minecraft:sand":4,"minecraft:dirt":89,"minecraft:stonecutter":1,"minecraft:netherrack":22,"minecraft:oak_leaves":1508,"minecraft:dark_prismarine":28,"minecraft:diamond_ore":24,"minecraft:crying_obsidian":1,"minecraft:red_carpet":2,"iceandfire:silver_ore":19,"minecraft:mossy_cobblestone":1,"minecraft:dark_oak_leaves":4,"minecraft:oak_door":1,"minecraft:dark_oak_log":11,"minecraft:ladder":141,"minecraft:spruce_leaves":1,"minecraft:red_mushroom":4,"minecraft:cartography_table":2,"minecraft:large_fern":4,"minecraft:hay_block":5,"minecraft:redstone_ore":139,"storagedrawers:oak_trim":4,"biomesoplenty:flesh":6,"minecraft:gold_block":14,"minecraft:bookshelf":9,"minecraft:potatoes":1,"minecraft:cobblestone_slab":10,"minecraft:vine":5,"minecraft:rail":8,"minecraft:warped_stem":9,"biomesoplenty:barley":78,"minecraft:stone":2818,"minecraft:bone_block":14,"minecraft:podzol":2,"minecraft:soul_sand":28,"quark:oak_chest":6,"minecraft:brown_carpet":14,"minecraft:dandelion":14,"minecraft:oak_fence":30,"minecraft:crafting_table":3,"minecraft:warped_roots":2,"minecraft:tall_grass":99,"minecraft:lapis_ore":24,"minecraft:diorite":1,"minecraft:spruce_stairs":7,"minecraft:dark_oak_wall_sign":4,"quark:apple_crate":3,"minecraft:spruce_log":31,"minecraft:yellow_bed":2,"minecraft:grass_path":3,"minecraft:coal_ore":455,"biomesoplenty:redwood_leaves":19,"minecraft:gravel":134,"minecraft:cobweb":9,"minecraft:stone_bricks":3,"quark:crimson_chest":2,"ars_nouveau:arcane_ore":11,"minecraft:mossy_stone_bricks":1,"minecraft:gold_ore":34,"minecraft:fern":3},"minecraft:crafted":{"minecraft:grindstone":1,"minecraft:oak_planks":28,"minecraft:stone":212,"decorative_blocks:chandelier":2,"minecraft:bookshelf":14,"minecraft:warped_planks":12,"minecraft:hopper":4,"minecraft:bow":1,"minecraft:iron_boots":1,"minecraft:wooden_shovel":1,"variant16x:obsidian_pressure_plate":1,"minecraft:arrow":32,"quark:apple_crate":4,"minecraft:cooked_porkchop":4,"minecraft:map":1,"quark:stick_block":7,"minecraft:crafting_table":5,"minecraft:baked_potato":82,"minecraft:gold_block":8,"minecraft:hay_block":27,"minecraft:spectral_arrow":78,"minecraft:cartography_table":1,"minecraft:book":18,"minecraft:wooden_hoe":1,"minecraft:paper":135,"minecraft:diamond_pickaxe":3,"minecraft:shield":1,"minecraft:stone_slab":6,"minecraft:stick":115,"quark:oak_chest":3,"minecraft:iron_ingot":50,"minecraft:iron_pickaxe":4,"minecraft:iron_block":3,"minecraft:gold_ingot":82,"minecraft:composter":1,"minecraft:shears":2,"minecraft:stone_shovel":3,"minecraft:iron_nugget":1,"minecraft:furnace":1,"minecraft:bone_meal":33,"minecraft:flint_and_steel":1,"quark:dark_oak_chest":1,"minecraft:iron_axe":4,"minecraft:iron_hoe":1,"minecraft:stone_pickaxe":1,"minecraft:redstone_block":71,"quark:spruce_chest":2,"storagedrawers:oak_trim":4,"minecraft:coal_block":47,"woodcutter:woodcutter":2,"iceandfire:silver_ingot":4,"quark:potato_crate":18,"minecraft:enchanting_table":1,"minecraft:iron_sword":1,"minecraft:cooked_salmon":3,"minecraft:bucket":2,"minecraft:stone_axe":5,"minecraft:air":0,"iceandfire:armor_silver_metal_helmet":1,"minecraft:iron_shovel":1,"minecraft:iron_leggings":1,"minecraft:anvil":1,"minecraft:white_bed":1,"minecraft:torch":212,"minecraft:lapis_block":12}},"DataVersion":2584}