{"stats":{"minecraft:killed":{"minecraft:chicken":1,"minecraft:spider":1,"minecraft:cow":1},"minecraft:picked_up":{"biomesoplenty:redwood_log":20,"minecraft:birch_log":2,"minecraft:crafting_table":1,"minecraft:wheat":5,"minecraft:feather":1,"minecraft:chicken":1,"minecraft:wooden_pickaxe":2,"minecraft:oak_log":28,"minecraft:string":1,"minecraft:spider_eye":1,"minecraft:dirt":24,"minecraft:apple":2,"minecraft:wheat_seeds":11,"ars_nouveau:worn_notebook":1,"minecraft:beef":1,"minecraft:iron_ore":3,"minecraft:bread":4,"minecraft:oak_sapling":2,"minecraft:cobblestone":17,"minecraft:egg":2},"minecraft:used":{"minecraft:oak_log":1,"minecraft:apple":2,"minecraft:bread":4,"minecraft:stone_pickaxe":2,"minecraft:wooden_pickaxe":15,"minecraft:dirt":19,"minecraft:wooden_sword":37,"minecraft:crafting_table":2,"minecraft:egg":1,"biomesoplenty:redwood_log":1},"minecraft:dropped":{"minecraft:oak_log":4,"minecraft:wooden_pickaxe":2},"minecraft:killed_by":{"minecraft:spider":1},"minecraft:mined":{"minecraft:iron_ore":1,"minecraft:birch_log":2,"minecraft:crafting_table":1,"minecraft:grass":20,"minecraft:grass_block":5,"minecraft:oak_log":5,"biomesoplenty:redwood_log":10,"minecraft:dirt":4,"minecraft:stone":16,"minecraft:oak_leaves":26,"minecraft:fern":1},"minecraft:custom":{"minecraft:time_since_rest":8313,"minecraft:interact_with_furnace":2,"minecraft:sprint_one_cm":42284,"minecraft:damage_taken":460,"minecraft:walk_one_cm":442133,"minecraft:mob_kills":3,"minecraft:drop":6,"minecraft:inspect_hopper":1,"minecraft:damage_dealt":320,"minecraft:swim_one_cm":779,"minecraft:interact_with_crafting_table":11,"minecraft:fly_one_cm":2955,"minecraft:open_chest":4,"minecraft:crouch_one_cm":1134,"minecraft:play_one_minute":74148,"minecraft:deaths":1,"minecraft:sneak_time":247,"minecraft:walk_under_water_one_cm":26549,"minecraft:jump":522,"minecraft:interact_with_stonecutter":1,"minecraft:leave_game":1,"minecraft:walk_on_water_one_cm":23178,"minecraft:time_since_death":57178,"minecraft:sleep_in_bed":1,"minecraft:climb_one_cm":6586,"minecraft:fall_one_cm":3145},"minecraft:crafted":{"minecraft:wooden_sword":2,"minecraft:oak_planks":16,"minecraft:crafting_table":1,"minecraft:stick":12,"biomesoplenty:redwood_planks":64,"minecraft:wooden_pickaxe":2,"minecraft:stone_pickaxe":1,"minecraft:birch_planks":8,"minecraft:bread":1}},"DataVersion":2584}