{"stats":{"minecraft:killed":{"minecraft:skeleton":2,"minecraft:pig":3,"minecraft:salmon":3,"minecraft:creeper":1,"minecraft:zombie":3},"minecraft:broken":{"minecraft:shears":1,"minecraft:golden_shovel":1,"minecraft:stone_pickaxe":1,"minecraft:stone_axe":2,"minecraft:iron_pickaxe":1,"minecraft:golden_pickaxe":1,"minecraft:wooden_hoe":1,"minecraft:stone_shovel":1},"minecraft:picked_up":{"quark:crimson_chest":1,"minecraft:crafting_table":1,"minecraft:wheat":62,"minecraft:ladder":46,"minecraft:clay_ball":160,"minecraft:golden_pickaxe":2,"minecraft:brown_mushroom":5,"minecraft:enchanted_book":1,"minecraft:golden_shovel":2,"minecraft:brewing_stand":1,"ars_nouveau:mana_gem":6,"minecraft:oak_sign":1,"minecraft:cartography_table":1,"minecraft:gold_nugget":3,"minecraft:dark_prismarine_stairs":16,"minecraft:player_head":1,"minecraft:light_gray_wool":2,"minecraft:sugar_cane":55,"minecraft:chest":2,"minecraft:egg":5,"minecraft:golden_helmet":1,"minecraft:stick":50,"minecraft:oak_door":1,"minecraft:torch":28,"iceandfire:silver_ore":4,"minecraft:fire_charge":1,"minecraft:porkchop":4,"minecraft:golden_axe":1,"minecraft:diorite":1,"minecraft:redstone":143,"minecraft:brown_carpet":9,"minecraft:arrow":3,"minecraft:rotten_flesh":2,"ars_nouveau:worn_notebook":1,"minecraft:hay_block":5,"minecraft:iron_bars":2,"minecraft:white_wool":2,"minecraft:cobblestone":1016,"minecraft:oxeye_daisy":14,"minecraft:magma_block":1,"minecraft:feather":2,"minecraft:golden_carrot":7,"minecraft:salmon":3,"biomesoplenty:goldenrod":10,"minecraft:potato":106,"minecraft:flint":15,"minecraft:oak_log":59,"minecraft:dirt":228,"minecraft:bone":4,"minecraft:red_carpet":2,"minecraft:apple":38,"minecraft:stone_bricks":2,"minecraft:wheat_seeds":175,"quark:tallow":8,"minecraft:iron_ore":42,"minecraft:mossy_stone_bricks":1,"minecraft:book":12,"minecraft:polished_andesite_stairs":2,"minecraft:dandelion":10,"minecraft:gravel":117,"minecraft:sand":1,"minecraft:spruce_log":5,"quark:oak_chest":5,"minecraft:dark_prismarine":10,"minecraft:diamond":8,"minecraft:bone_meal":1,"minecraft:bread":10,"minecraft:oak_sapling":115,"minecraft:netherrack":2,"minecraft:coal":116,"minecraft:oak_leaves":372},"minecraft:used":{"minecraft:iron_shovel":89,"minecraft:stone_shovel":137,"minecraft:ladder":25,"minecraft:oak_sign":1,"minecraft:chest":2,"minecraft:shield":2,"minecraft:wooden_shovel":56,"minecraft:cooked_salmon":3,"minecraft:oak_door":1,"minecraft:torch":78,"minecraft:brewing_stand":1,"minecraft:dirt":58,"minecraft:golden_shovel":83,"minecraft:iron_hoe":137,"minecraft:iron_axe":243,"minecraft:stone_bricks":2,"minecraft:magma_block":1,"minecraft:oak_sapling":59,"minecraft:furnace":1,"minecraft:potato":36,"minecraft:dark_prismarine_stairs":6,"minecraft:golden_axe":12,"minecraft:wheat_seeds":49,"minecraft:water_bucket":14,"minecraft:mossy_stone_bricks":1,"minecraft:baked_potato":1,"minecraft:stone_pickaxe":131,"minecraft:cartography_table":2,"minecraft:sugar_cane":12,"woodcutter:woodcutter":2,"minecraft:oak_leaves":201,"biomesoplenty:goldenrod":2,"minecraft:crafting_table":5,"minecraft:shears":378,"decorative_blocks:chandelier":1,"minecraft:wooden_hoe":59,"minecraft:diamond_pickaxe":91,"minecraft:iron_pickaxe":999,"minecraft:map":2,"minecraft:bread":10,"quark:crimson_chest":1,"minecraft:stone_axe":356,"minecraft:cobblestone":309,"minecraft:cooked_porkchop":4,"minecraft:bucket":16,"quark:oak_chest":4,"minecraft:dandelion":1,"minecraft:golden_pickaxe":64,"minecraft:splash_potion":1,"minecraft:bone_meal":1},"minecraft:custom":{"minecraft:mob_kills":12,"minecraft:interact_with_crafting_table":24,"minecraft:leave_game":2,"minecraft:time_since_death":189956,"minecraft:climb_one_cm":39690,"minecraft:sprint_one_cm":573075,"minecraft:walk_one_cm":787468,"minecraft:damage_blocked_by_shield":80,"minecraft:talked_to_villager":7,"minecraft:sneak_time":6511,"minecraft:walk_under_water_one_cm":26302,"minecraft:jump":1078,"minecraft:interact_with_brewingstand":2,"minecraft:walk_on_water_one_cm":31423,"minecraft:interact_with_furnace":43,"minecraft:interact_with_cartography_table":5,"minecraft:play_one_minute":189956,"minecraft:sleep_in_bed":11,"minecraft:time_since_rest":778,"minecraft:waystone_activated":2,"minecraft:damage_taken":302,"minecraft:damage_dealt":1562,"minecraft:swim_one_cm":59017,"minecraft:fly_one_cm":148061,"minecraft:open_chest":112,"minecraft:crouch_one_cm":10241,"minecraft:fall_one_cm":16900},"minecraft:mined":{"minecraft:dark_prismarine_stairs":16,"minecraft:dark_prismarine":10,"minecraft:diamond_ore":8,"minecraft:red_carpet":2,"minecraft:oak_sapling":18,"iceandfire:silver_ore":4,"minecraft:oak_door":1,"minecraft:brewing_stand":1,"minecraft:ladder":49,"minecraft:grass_block":183,"minecraft:cartography_table":1,"minecraft:oak_wall_sign":1,"minecraft:oxeye_daisy":14,"minecraft:hay_block":5,"minecraft:magma_block":1,"minecraft:redstone_ore":31,"minecraft:iron_ore":42,"minecraft:bookshelf":4,"minecraft:potatoes":1,"minecraft:vine":1,"minecraft:iron_bars":2,"biomesoplenty:barley":7,"minecraft:stone":956,"minecraft:podzol":1,"minecraft:brown_mushroom":5,"quark:oak_chest":5,"minecraft:brown_carpet":9,"minecraft:dandelion":12,"minecraft:clay":40,"minecraft:crafting_table":1,"minecraft:polished_andesite_stairs":2,"minecraft:chest":2,"minecraft:tall_grass":24,"minecraft:cobblestone":62,"minecraft:sugar_cane":36,"minecraft:diorite":1,"minecraft:wall_torch":22,"biomesoplenty:goldenrod":13,"minecraft:wheat":4,"minecraft:spruce_log":5,"minecraft:grass_path":3,"minecraft:grass":564,"minecraft:oak_log":69,"minecraft:coal_ore":116,"minecraft:gravel":132,"minecraft:sand":1,"minecraft:dirt":41,"minecraft:stone_bricks":2,"quark:crimson_chest":1,"ars_nouveau:arcane_ore":6,"minecraft:netherrack":2,"minecraft:mossy_stone_bricks":1,"minecraft:oak_leaves":1152},"minecraft:crafted":{"minecraft:oak_planks":24,"minecraft:stone_shovel":1,"minecraft:furnace":1,"minecraft:stone":16,"decorative_blocks:chandelier":2,"minecraft:iron_boots":1,"minecraft:iron_axe":1,"minecraft:iron_hoe":1,"minecraft:stone_pickaxe":1,"woodcutter:woodcutter":2,"minecraft:wooden_shovel":1,"iceandfire:silver_ingot":4,"minecraft:cooked_porkchop":4,"minecraft:crafting_table":4,"minecraft:baked_potato":60,"minecraft:cooked_salmon":3,"minecraft:bucket":2,"minecraft:stone_axe":3,"minecraft:air":0,"minecraft:cartography_table":1,"minecraft:wooden_hoe":1,"minecraft:paper":30,"minecraft:diamond_pickaxe":1,"minecraft:shield":1,"minecraft:stick":64,"minecraft:iron_ingot":42,"minecraft:iron_pickaxe":4,"minecraft:iron_leggings":1,"minecraft:iron_shovel":1,"minecraft:gold_ingot":1,"minecraft:torch":112,"minecraft:shears":2}},"DataVersion":2584}